round,repeat,record_key,spec_key,structure_name,fractional,observation_map,delay_weeks,observation_family,num_free_params,num_compartments,train_objective,train_mae,train_rmse,val_mae,val_rmse,val_smape,rolling_val_mean_mae,rolling_val_mean_rmse,multi_split_blocks,multi_split_val_mean_mae,multi_split_val_std_mae,multi_split_penalty,rolling_val_error_std,rolling_val_metrics,stability_penalty,complexity_penalty,complexity_penalty_params,complexity_penalty_compartments,complexity_penalty_fractional,complexity_penalty_observation,complexity_penalty_h_observation,complexity_penalty_delay,complexity_penalty_recurrence,age_prior_penalty,score_policy,score_formula,score,score_used_val_mae,score_used_multi_split,score_used_stability,score_used_complexity,score_used_age_prior,params,candidate_universe_size,candidate_budget_actual,exhaustive_max_candidates,allow_truncated_exhaustive,truncated,search_name,candidate_count
1,,SEIRS|fractional=1|obs=I,SEIRS|fractional=1|obs=I,SEIRS,True,I,0,infectious,10,4,0.14122630857309323,0.17779505199922122,0.23098444552148992,0.03962346824088381,0.048049665049485046,1.1407556962852898,0.04964187422837846,0.06282102809951902,3,0.049003071036919414,0.022341786051821397,0.011170893025910698,0.03700803491688249,"{'1': {'mae': 0.04052662335266781, 'rmse': 0.04711136594690284, 'smape': 1.0857825119536024}, '2': {'mae': 0.06246242194978483, 'rmse': 0.0908025979706958, 'smape': 1.2437868917265718}, '4': {'mae': 0.04593657738268271, 'rmse': 0.05054912038095845, 'smape': 1.5220337206038965}}",0.007401606983376498,0.20500000000000002,0.1,0.08,0.015,0.0,0.0,0.0,0.01,-0.0125,stability_aware,multi_split_mean_mae + multi_split_penalty + stability_penalty + complexity_penalty + age_prior_penalty,0.2600755710462066,False,True,True,True,True,"{'b0': -0.7548351111042869, 'b1': 2.2168302808036686, 'b2': 0.5471623967859471, 'sigma': 0.8827873463876539, 'gamma': 0.4654970819675959, 'omega': 0.7345378185769876, 'rho': 5.559307682223663, 'alpha': 0.9780812743892519, 'S0': 0.9113960752179925, 'E0': 0.04626655353244947, 'I0': 0.04233737124955804, 'R0': 0.0, 'fractional': 1.0}",44,44,200,False,False,exhaustive_structure_discovery,44
1,,SEIRS|fractional=1|obs=delayed_I|delay=1,SEIRS|fractional=1|obs=delayed_I|delay=1,SEIRS,True,delayed_I,1,delayed,10,4,0.13834162183549306,0.18325169286772372,0.23689513045437638,0.040761213750357635,0.04653892711846867,1.0518192237920345,0.08151119972366438,0.11004899494927216,3,0.07309922902427211,0.06842648189908801,0.034213240949544005,0.07298969923209835,"{'1': {'mae': 0.06832147218784977, 'rmse': 0.10165609277149824, 'smape': 1.0921300820026758}, '2': {'mae': 0.04343958602338263, 'rmse': 0.049374403276483944, 'smape': 1.1214166964354524}, '4': {'mae': 0.13277254095976074, 'rmse': 0.17911648879983424, 'smape': 1.563644454622423}}",0.01459793984641967,0.21000000000000002,0.1,0.08,0.015,0.0,0.0,0.005,0.01,-0.0125,stability_aware,multi_split_mean_mae + multi_split_penalty + stability_penalty + complexity_penalty + age_prior_penalty,0.3194104098202358,False,True,True,True,True,"{'b0': -0.7979543455085412, 'b1': 1.8734106995993722, 'b2': 0.9181150965057063, 'sigma': 0.8430846188127732, 'gamma': 0.40837317164127934, 'omega': 0.7590962322110232, 'rho': 5.23795344680749, 'alpha': 0.9779209435717499, 'S0': 0.910886709284788, 'E0': 0.049297399032715926, 'I0': 0.039815891682495996, 'R0': 0.0, 'fractional': 1.0}",44,44,200,False,False,exhaustive_structure_discovery,44
1,,SIR|fractional=0|obs=I,SIR|fractional=0|obs=I,SIR,False,I,0,infectious,6,3,0.11806871484449938,0.23174842234720222,0.2928624697137464,0.2227482043468152,0.22977289359727596,1.3357018038270243,0.1650687947094571,0.18117653297949868,3,0.15947856534586657,0.05669412713991708,0.02834706356995854,0.07458650732028818,"{'1': {'mae': 0.1644608691934388, 'rmse': 0.17902896988862863, 'smape': 1.2333164138705108}, '2': {'mae': 0.16441941740808497, 'rmse': 0.17951959131396933, 'smape': 1.3062781222763515}, '4': {'mae': 0.16632609752684752, 'rmse': 0.1849810377358981, 'smape': 1.459652365338441}}",0.014917301464057637,0.12,0.06,0.06,0.0,0.0,0.0,0.0,0.0,0.0,stability_aware,multi_split_mean_mae + multi_split_penalty + stability_penalty + complexity_penalty + age_prior_penalty,0.3227429303798828,False,True,True,True,True,"{'b0': -0.705935586793669, 'b1': 0.501542305437475, 'b2': -0.12275580217704846, 'gamma': 0.09734217591112941, 'rho': 3.7906674934281006, 'S0': 0.9559223052697856, 'I0': 0.04407769473021431, 'R0': 0.0, 'fractional': 0.0}",44,44,200,False,False,exhaustive_structure_discovery,44
1,,SIR|fractional=0|obs=delayed_I|delay=1,SIR|fractional=0|obs=delayed_I|delay=1,SIR,False,delayed_I,1,delayed,6,3,0.11435266970393237,0.22862978200760742,0.2904196136332653,0.21873047839720092,0.22588991845549777,1.3296997888547146,0.16428291360943623,0.1800547159601893,3,0.1588154941615564,0.055626486287704315,0.027813243143852157,0.07360138447312951,"{'1': {'mae': 0.1639516560601258, 'rmse': 0.1782302104826196, 'smape': 1.2323905326675364}, '2': {'mae': 0.163714508856662, 'rmse': 0.17852969740154304, 'smape': 1.3049310351992378}, '4': {'mae': 0.1651825759115209, 'rmse': 0.18340423999640523, 'smape': 1.458051183357335}}",0.014720276894625904,0.125,0.06,0.06,0.0,0.0,0.0,0.005,0.0,0.0,stability_aware,multi_split_mean_mae + multi_split_penalty + stability_penalty + complexity_penalty + age_prior_penalty,0.3263490142000345,False,True,True,True,True,"{'b0': -0.5810023135624474, 'b1': 0.33042610462117417, 'b2': -0.05477093857929351, 'gamma': 0.09915731385735747, 'rho': 3.8288592559068677, 'S0': 0.9519132346435166, 'I0': 0.04808676535648338, 'R0': 0.0, 'fractional': 0.0}",44,44,200,False,False,exhaustive_structure_discovery,44
1,,SEIRS|fractional=1|obs=delayed_I|delay=3,SEIRS|fractional=1|obs=delayed_I|delay=3,SEIRS,True,delayed_I,3,delayed,10,4,0.13446524128737622,0.23275378503202793,0.29227745302523117,0.2816220484112174,0.2861674035961055,1.4078870602011442,0.08018669971997036,0.10824793860122454,3,0.07575911595632623,0.06605430466925702,0.03302715233462851,0.07261130905795216,"{'1': {'mae': 0.11526224767305134, 'rmse': 0.15631413803813757, 'smape': 1.1520751817850363}, '2': {'mae': 0.07549285953837534, 'rmse': 0.10505733443136436, 'smape': 1.1265347770312724}, '4': {'mae': 0.0498049919484844, 'rmse': 0.06337234333417169, 'smape': 1.2652686688121426}}",0.014522261811590432,0.22000000000000003,0.1,0.08,0.015,0.0,0.0,0.015,0.01,-0.0125,stability_aware,multi_split_mean_mae + multi_split_penalty + stability_penalty + complexity_penalty + age_prior_penalty,0.3308085301025452,False,True,True,True,True,"{'b0': 0.8397314194958769, 'b1': 0.17972664013072567, 'b2': 0.27702066652504587, 'sigma': 0.2516833522517229, 'gamma': 0.1311837775317929, 'omega': 0.007790727321239116, 'rho': 4.504555760034763, 'alpha': 0.9822365614771722, 'S0': 0.77535395008852, 'E0': 0.17520268281702153, 'I0': 0.049443367094458554, 'R0': 0.0, 'fractional': 1.0}",44,44,200,False,False,exhaustive_structure_discovery,44
1,,SIR|fractional=0|obs=delayed_I|delay=2,SIR|fractional=0|obs=delayed_I|delay=2,SIR,False,delayed_I,2,delayed,6,3,0.11053612233513582,0.22767415798119528,0.28821816190824634,0.21887277763337748,0.2260457410297361,1.3299578754961128,0.165850193889731,0.18135371379497747,3,0.16042288452378767,0.05530745802817179,0.027653729014085894,0.07327744033774226,"{'1': {'mae': 0.16563134220975978, 'rmse': 0.1796834471789487, 'smape': 1.236042290728104}, '2': {'mae': 0.16532233407433355, 'rmse': 0.17991047570173357, 'smape': 1.3082475164243497}, '4': {'mae': 0.16659690538509966, 'rmse': 0.18446721850425016, 'smape': 1.4608338982268507}}",0.014655488067548454,0.13,0.06,0.06,0.0,0.0,0.0,0.01,0.0,0.0,stability_aware,multi_split_mean_mae + multi_split_penalty + stability_penalty + complexity_penalty + age_prior_penalty,0.332732101605422,False,True,True,True,True,"{'b0': -0.45586826577500794, 'b1': 0.16318256852237636, 'b2': -0.010961589737558671, 'gamma': 0.09958098049492574, 'rho': 3.816468104468412, 'S0': 0.9453204912277727, 'I0': 0.05467950877222736, 'R0': 0.0, 'fractional': 0.0}",44,44,200,False,False,exhaustive_structure_discovery,44
1,,SEIRS|fractional=0|obs=I,SEIRS|fractional=0|obs=I,SEIRS,False,I,0,infectious,9,4,0.13525898494680752,0.1751471823364866,0.22603097522503596,0.044710631677853795,0.05537221212392791,1.302337993232249,0.10957585463748569,0.15016559000373106,3,0.09862653702749927,0.08795594385303407,0.043977971926517034,0.10252920253304154,"{'1': {'mae': 0.12450513835424053, 'rmse': 0.16335382816037028, 'smape': 1.3939262632550609}, '2': {'mae': 0.08784253251269321, 'rmse': 0.12235171212103112, 'smape': 1.4788175539322084}, '4': {'mae': 0.1163798930455233, 'rmse': 0.16479122972979182, 'smape': 1.6327598625932638}}",0.020505840506608308,0.18,0.09,0.08,0.0,0.0,0.0,0.0,0.01,-0.01,stability_aware,multi_split_mean_mae + multi_split_penalty + stability_penalty + complexity_penalty + age_prior_penalty,0.33311034946062457,False,True,True,True,True,"{'b0': -0.7652266745471575, 'b1': 2.2298420831313774, 'b2': 0.519574042051803, 'sigma': 0.8810983806785596, 'gamma': 0.4603195009716463, 'omega': 0.7350407376988668, 'rho': 5.476906084454365, 'S0': 0.9101219152609227, 'E0': 0.0465974458037707, 'I0': 0.04328063893530666, 'R0': 0.0, 'fractional': 0.0}",44,44,200,False,False,exhaustive_structure_discovery,44
1,,SEIR|fractional=0|obs=I,SEIR|fractional=0|obs=I,SEIR,False,I,0,infectious,8,4,0.13507167200916748,0.23151421942674616,0.2922797548712501,0.18072168375037967,0.1896778142677764,1.2666736052083543,0.141546360425796,0.15760676773253315,3,0.13666193979977673,0.05069634986168989,0.025348174930844944,0.06922063120239508,"{'1': {'mae': 0.14343218951745418, 'rmse': 0.1580809661782857, 'smape': 1.1865609412620632}, '2': {'mae': 0.14147096476606377, 'rmse': 0.1566512076140186, 'smape': 1.2566239534922932}, '4': {'mae': 0.13973592699387, 'rmse': 0.15808812940529515, 'smape': 1.4100719595223616}}",0.013844126240479017,0.16,0.08,0.08,0.0,0.0,0.0,0.0,0.0,0.0,stability_aware,multi_split_mean_mae + multi_split_penalty + stability_penalty + complexity_penalty + age_prior_penalty,0.33585424097110067,False,True,True,True,True,"{'b0': 0.6850126985674616, 'b1': 0.4637808731735038, 'b2': -0.14784449594066673, 'sigma': 0.22875412521240934, 'gamma': 0.11856988935039005, 'rho': 4.517397968420182, 'S0': 0.8830454448140473, 'E0': 0.08026303724240103, 'I0': 0.03669151794355154, 'R0': 0.0, 'fractional': 0.0}",44,44,200,False,False,exhaustive_structure_discovery,44
1,,SIR|fractional=0|obs=delayed_I|delay=3,SIR|fractional=0|obs=delayed_I|delay=3,SIR,False,delayed_I,3,delayed,6,3,0.10734577269776457,0.2303901162971881,0.287419271347748,0.22516082606276527,0.2321635720917528,1.3393883739330663,0.17121489620270144,0.18649293040209025,3,0.16571459167781702,0.05600454181001432,0.02800227090500716,0.07383858217790383,"{'1': {'mae': 0.1708669230221111, 'rmse': 0.1847372075131459, 'smape': 1.2469125236508154}, '2': {'mae': 0.17066129820954995, 'rmse': 0.1850559360859185, 'smape': 1.3188949952097266}, '4': {'mae': 0.17211646737644326, 'rmse': 0.18968564760720633, 'smape': 1.4705142664310153}}",0.014767716435580766,0.135,0.06,0.06,0.0,0.0,0.0,0.015,0.0,0.0,stability_aware,multi_split_mean_mae + multi_split_penalty + stability_penalty + complexity_penalty + age_prior_penalty,0.34348457901840496,False,True,True,True,True,"{'b0': -0.33925442175770887, 'b1': 0.014375903520685093, 'b2': 0.026214229754674055, 'gamma': 0.09771448009903679, 'rho': 3.7231470957126853, 'S0': 0.9355062682073649, 'I0': 0.06449373179263494, 'R0': 0.0, 'fractional': 0.0}",44,44,200,False,False,exhaustive_structure_discovery,44
1,,SEIR|fractional=0|obs=delayed_I|delay=2,SEIR|fractional=0|obs=delayed_I|delay=2,SEIR,False,delayed_I,2,delayed,8,4,0.11856239809702127,0.22435164042638178,0.2845422701304435,0.18973857637228692,0.19837491417634914,1.283114814289444,0.14937262601654233,0.1651050930866731,3,0.14434970488401982,0.052045913222622205,0.026022956611311102,0.07025664762371558,"{'1': {'mae': 0.1510504912453327, 'rmse': 0.16549635806456617, 'smape': 1.2044323429130679}, '2': {'mae': 0.14927940207968377, 'rmse': 0.16420826037165934, 'smape': 1.2746089235581555}, '4': {'mae': 0.14778798472461055, 'rmse': 0.16561066082379378, 'smape': 1.4270114029734269}}",0.014051329524743118,0.17,0.08,0.08,0.0,0.0,0.0,0.01,0.0,0.0,stability_aware,multi_split_mean_mae + multi_split_penalty + stability_penalty + complexity_penalty + age_prior_penalty,0.35442399102007405,False,True,True,True,True,"{'b0': 1.0332396328841589, 'b1': 0.24083653355959903, 'b2': 0.017460124736447168, 'sigma': 0.22381776719516802, 'gamma': 0.11522715496292923, 'rho': 4.342894743640943, 'S0': 0.814788577849635, 'E0': 0.13938080580313728, 'I0': 0.045830616347227765, 'R0': 0.0, 'fractional': 0.0}",44,44,200,False,False,exhaustive_structure_discovery,44
1,,SEIRS|fractional=0|obs=delayed_I|delay=2,SEIRS|fractional=0|obs=delayed_I|delay=2,SEIRS,False,delayed_I,2,delayed,9,4,0.12638433815667072,0.18160978890140653,0.2319347630870184,0.04037911614025795,0.04710252514504869,1.082498149066063,0.11784700064100868,0.14066848231988494,3,0.11480091289854892,0.09075008608012361,0.045375043040061805,0.07252937425543853,"{'1': {'mae': 0.04220472706910671, 'rmse': 0.048239154714938746, 'smape': 1.0492244374471775}, '2': {'mae': 0.11648904920356212, 'rmse': 0.1631198576811659, 'smape': 1.3152207126214042}, '4': {'mae': 0.19484722565035723, 'rmse': 0.21064643456355012, 'smape': 1.505859019397836}}",0.014505874851087706,0.19,0.09,0.08,0.0,0.0,0.0,0.01,0.01,-0.01,stability_aware,multi_split_mean_mae + multi_split_penalty + stability_penalty + complexity_penalty + age_prior_penalty,0.3546818307896984,False,True,True,True,True,"{'b0': -0.7719937730153669, 'b1': 1.568531416304279, 'b2': 1.1631913019976985, 'sigma': 0.824893972469072, 'gamma': 0.3784160638680118, 'omega': 0.7717729353231041, 'rho': 5.019985868094318, 'S0': 0.9006411201462062, 'E0': 0.059420462770452064, 'I0': 0.03993841708334164, 'R0': 0.0, 'fractional': 0.0}",44,44,200,False,False,exhaustive_structure_discovery,44
1,,SEIRS|fractional=1|obs=delayed_I|delay=2,SEIRS|fractional=1|obs=delayed_I|delay=2,SEIRS,True,delayed_I,2,delayed,10,4,0.13212191463353368,0.18376143989764085,0.23657156130613335,0.0435439635727243,0.051955537691757404,0.9994750959615655,0.11068024256327318,0.1406851551925151,3,0.10496781501018043,0.07395799355350857,0.036978996776754286,0.08373916179379626,"{'1': {'mae': 0.06941757646321428, 'rmse': 0.1054392241176459, 'smape': 1.0472090680328492}, '2': {'mae': 0.07072896379666496, 'rmse': 0.09907158208938656, 'smape': 1.1496290211790656}, '4': {'mae': 0.1918941874299403, 'rmse': 0.2175446593705128, 'smape': 1.5275587354801956}}",0.016747832358759252,0.21500000000000002,0.1,0.08,0.015,0.0,0.0,0.01,0.01,-0.0125,stability_aware,multi_split_mean_mae + multi_split_penalty + stability_penalty + complexity_penalty + age_prior_penalty,0.36119464414569397,False,True,True,True,True,"{'b0': -0.7539576910557829, 'b1': 1.547204751609116, 'b2': 1.1858115461984362, 'sigma': 0.8281270448386729, 'gamma': 0.38541116354416677, 'omega': 0.7700205095466915, 'rho': 5.127445669347504, 'alpha': 0.9767621622573353, 'S0': 0.9017197717373732, 'E0': 0.05906087813350686, 'I0': 0.03921935012911994, 'R0': 0.0, 'fractional': 1.0}",44,44,200,False,False,exhaustive_structure_discovery,44
1,,SEIRS|fractional=0|obs=delayed_I|delay=3,SEIRS|fractional=0|obs=delayed_I|delay=3,SEIRS,False,delayed_I,3,delayed,9,4,0.11982043003861362,0.1851807109222228,0.23172687560326738,0.043042305069391315,0.0518496931138592,1.024982504610821,0.12762473846333022,0.15686459304939823,3,0.1218407506375416,0.08110226500019381,0.040551132500096905,0.08617652063696635,"{'1': {'mae': 0.08833280457749226, 'rmse': 0.12248817435858944, 'smape': 1.1358665555910243}, '2': {'mae': 0.09426123793451537, 'rmse': 0.13192569205804314, 'smape': 1.2616480784984077}, '4': {'mae': 0.20028017287798305, 'rmse': 0.2161799127315621, 'smape': 1.5136967773192642}}",0.01723530412739327,0.195,0.09,0.08,0.0,0.0,0.0,0.015,0.01,-0.01,stability_aware,multi_split_mean_mae + multi_split_penalty + stability_penalty + complexity_penalty + age_prior_penalty,0.36462718726503174,False,True,True,True,True,"{'b0': -0.6796800658770359, 'b1': 1.223590696498282, 'b2': 1.4081040107578588, 'sigma': 0.7885161207130078, 'gamma': 0.36091414807089706, 'omega': 0.777493331380727, 'rho': 4.920816814010614, 'S0': 0.885634510024049, 'E0': 0.0705247196139722, 'I0': 0.043840770361978684, 'R0': 0.0, 'fractional': 0.0}",44,44,200,False,False,exhaustive_structure_discovery,44
1,,SIR|fractional=1|obs=I,SIR|fractional=1|obs=I,SIR,True,I,0,infectious,7,3,0.1222416253348549,0.2366266785020911,0.29483394666301194,0.2542435269743239,0.26025642212277605,1.3786248480501173,0.18631784213746408,0.20194246511446115,3,0.1803236733338081,0.06028392133729123,0.030141960668645613,0.07779723314805322,"{'1': {'mae': 0.18433501357529436, 'rmse': 0.198461014423446, 'smape': 1.2727530354648326}, '2': {'mae': 0.18531164650657572, 'rmse': 0.19994240459624074, 'smape': 1.345916906174645}, '4': {'mae': 0.1893068663305222, 'rmse': 0.2074239763236967, 'smape': 1.496737234162216}}",0.015559446629610644,0.14500000000000002,0.07,0.06,0.015,0.0,0.0,0.0,0.0,-0.0025,stability_aware,multi_split_mean_mae + multi_split_penalty + stability_penalty + complexity_penalty + age_prior_penalty,0.3685250806320644,False,True,True,True,True,"{'b0': -0.6879565544853053, 'b1': 0.6622942758256269, 'b2': -0.15515393715697062, 'gamma': 0.10905478578148663, 'rho': 3.894972707492756, 'alpha': 0.9623173205432447, 'S0': 0.9563425289189186, 'I0': 0.0436574710810814, 'R0': 0.0, 'fractional': 1.0}",44,44,200,False,False,exhaustive_structure_discovery,44
1,,SIR|fractional=1|obs=delayed_I|delay=1,SIR|fractional=1|obs=delayed_I|delay=1,SIR,True,delayed_I,1,delayed,7,3,0.1188146869485851,0.23354970891730994,0.2927725212269605,0.2493825848296392,0.25549954133605535,1.3722919137152463,0.18576911714693242,0.20091161863637388,3,0.17993851619961457,0.05884210714466693,0.029421053572333464,0.07643299550804189,"{'1': {'mae': 0.18407031189906453, 'rmse': 0.19777456919277792, 'smape': 1.272409246351771}, '2': {'mae': 0.1848491283160609, 'rmse': 0.19906800173652767, 'smape': 1.3451410743643992}, '4': {'mae': 0.18838791122567175, 'rmse': 0.20589228497981604, 'smape': 1.495892124900518}}",0.01528659910160838,0.15000000000000002,0.07,0.06,0.015,0.0,0.0,0.005,0.0,-0.0025,stability_aware,multi_split_mean_mae + multi_split_penalty + stability_penalty + complexity_penalty + age_prior_penalty,0.3721461688735564,False,True,True,True,True,"{'b0': -0.5750438468871341, 'b1': 0.48348414920451555, 'b2': -0.061878961532550784, 'gamma': 0.11017500214376527, 'rho': 3.9350614478619756, 'alpha': 0.9659239031377432, 'S0': 0.9529940149851303, 'I0': 0.04700598501486965, 'R0': 0.0, 'fractional': 1.0}",44,44,200,False,False,exhaustive_structure_discovery,44
1,,SEIR|fractional=1|obs=I,SEIR|fractional=1|obs=I,SEIR,True,I,0,infectious,9,4,0.1420573811108852,0.23496593619969938,0.2948268234935947,0.20287443342345166,0.21067551415543542,1.3047979402750345,0.15940922643877772,0.17425765960111675,3,0.1543725100721077,0.05195204510715994,0.02597602255357997,0.07030158317189712,"{'1': {'mae': 0.16034708301986608, 'rmse': 0.17388974839441684, 'smape': 1.2247373649444557}, '2': {'mae': 0.15913939839157282, 'rmse': 0.17317782616744365, 'smape': 1.2953799104886161}, '4': {'mae': 0.15874119790489424, 'rmse': 0.17570540424148978, 'smape': 1.447338535216053}}",0.014060316634379426,0.185,0.09,0.08,0.015,0.0,0.0,0.0,0.0,-0.0025,stability_aware,multi_split_mean_mae + multi_split_penalty + stability_penalty + complexity_penalty + age_prior_penalty,0.3769088492600671,False,True,True,True,True,"{'b0': 0.6583820834693801, 'b1': 0.5081916832516682, 'b2': -0.15721974705491068, 'sigma': 0.246291125336091, 'gamma': 0.12637896984177913, 'rho': 4.623705313597796, 'alpha': 0.9833726385964501, 'S0': 0.8886555087140665, 'E0': 0.07556347827825602, 'I0': 0.035781013007677345, 'R0': 0.0, 'fractional': 1.0}",44,44,200,False,False,exhaustive_structure_discovery,44
1,,SEIHR|fractional=0|obs=I,SEIHR|fractional=0|obs=I,SEIHR,False,I,0,infectious,11,5,0.14599497587456248,0.23117329511425838,0.2932986845123396,0.1705081985520415,0.1797983528051848,1.246951120631913,0.13437180550437,0.15046230982771602,3,0.1297091129992311,0.0486342488403748,0.0243171244201874,0.06759637435160923,"{'1': {'mae': 0.1364320128963074, 'rmse': 0.15102937718235557, 'smape': 1.1695676342193662}, '2': {'mae': 0.13434264939783142, 'rmse': 0.14952212429380482, 'smape': 1.2395725262795565}, '4': {'mae': 0.1323407542189712, 'rmse': 0.1508354280069877, 'smape': 1.393959967577142}}",0.013519274870321847,0.21000000000000002,0.11,0.1,0.0,0.0,0.0,0.0,0.0,0.0,stability_aware,multi_split_mean_mae + multi_split_penalty + stability_penalty + complexity_penalty + age_prior_penalty,0.37754551228974037,False,True,True,True,True,"{'b0': 1.203663889716887, 'b1': 0.41348250086273103, 'b2': -0.06726877113687876, 'sigma': 0.2323745467876056, 'eta': 0.06113430812253984, 'gamma_i': 0.061115198096455714, 'gamma_h': 0.5002145932947589, 'rho': 6.558590821477136, 'S0': 0.6239892320324189, 'E0': 0.05659750615484412, 'I0': 0.025691157423212353, 'H0': 0.2937221043895248, 'R0': 0.0, 'fractional': 0.0}",44,44,200,False,False,exhaustive_structure_discovery,44
1,,SIR|fractional=1|obs=delayed_I|delay=2,SIR|fractional=1|obs=delayed_I|delay=2,SIR,True,delayed_I,2,delayed,7,3,0.11516020398764826,0.23258234901079303,0.2908753773678856,0.24972843568191583,0.25581970344804217,1.372694976516438,0.18802948090458926,0.20278759564070784,3,0.1822668476246744,0.0582769972784709,0.02913849863923545,0.07586242520094155,"{'1': {'mae': 0.1863994626318536, 'rmse': 0.19977743821309193, 'smape': 1.27687000541115}, '2': {'mae': 0.18714412931531138, 'rmse': 0.20103717910670427, 'smape': 1.349303415318452}, '4': {'mae': 0.19054485076660277, 'rmse': 0.20754816960232741, 'smape': 1.4995648045245304}}",0.01517248504018831,0.15500000000000003,0.07,0.06,0.015,0.0,0.0,0.01,0.0,-0.0025,stability_aware,multi_split_mean_mae + multi_split_penalty + stability_penalty + complexity_penalty + age_prior_penalty,0.37907783130409817,False,True,True,True,True,"{'b0': -0.45552472726574766, 'b1': 0.3112166525674594, 'b2': -0.0017116002574153353, 'gamma': 0.11029651967627999, 'rho': 3.9265623831565675, 'alpha': 0.9678394095212038, 'S0': 0.9471083968766442, 'I0': 0.05289160312335584, 'R0': 0.0, 'fractional': 1.0}",44,44,200,False,False,exhaustive_structure_discovery,44
1,,SEIR|fractional=0|obs=delayed_I|delay=1,SEIR|fractional=0|obs=delayed_I|delay=1,SEIR,False,delayed_I,1,delayed,8,4,0.12682869098322241,0.22705950187954985,0.2883006737494285,0.18477725814899854,0.19359640996553718,1.2741848157250681,0.16464972671056924,0.20452305851269928,3,0.15536114052130212,0.07678198219149172,0.03839099109574586,0.1152071624944256,"{'1': {'mae': 0.14692790464233565, 'rmse': 0.16146651745614923, 'smape': 1.194874433112893}, '2': {'mae': 0.14503467066074804, 'rmse': 0.16008857682206237, 'smape': 1.2649209231519363}, '4': {'mae': 0.20198660482862407, 'rmse': 0.2920140812598863, 'smape': 1.4177504961702572}}",0.02304143249888512,0.165,0.08,0.08,0.0,0.0,0.0,0.005,0.0,0.0,stability_aware,multi_split_mean_mae + multi_split_penalty + stability_penalty + complexity_penalty + age_prior_penalty,0.3817935641159331,False,True,True,True,True,"{'b0': 0.8549812335571073, 'b1': 0.33796572363545613, 'b2': -0.05020483211982941, 'sigma': 0.2256646374345616, 'gamma': 0.1171978514074302, 'rho': 4.441753747030574, 'S0': 0.8561251001304578, 'E0': 0.10300974223639918, 'I0': 0.040865157633143065, 'R0': 0.0, 'fractional': 0.0}",44,44,200,False,False,exhaustive_structure_discovery,44
1,,SEIHR|fractional=0|obs=H,SEIHR|fractional=0|obs=H,SEIHR,False,H,0,hospitalized,11,5,0.15225885358771063,0.23689472713826157,0.2938839590055756,0.16431613647190857,0.17458969808946975,1.2353045922711128,0.13537018830152378,0.15091604103160222,3,0.13085962443199115,0.04770196165200129,0.023850980826000644,0.06659151261446516,"{'1': {'mae': 0.13934037970282542, 'rmse': 0.15348018849912767, 'smape': 1.1773497703088105}, '2': {'mae': 0.13579842078135404, 'rmse': 0.15047297473006532, 'smape': 1.2434752819204151}, '4': {'mae': 0.13097176442039185, 'rmse': 0.1487949598656137, 'smape': 1.3915854437101853}}",0.013318302522893033,0.21500000000000002,0.11,0.1,0.0,0.0,0.005,0.0,0.0,0.0,stability_aware,multi_split_mean_mae + multi_split_penalty + stability_penalty + complexity_penalty + age_prior_penalty,0.38302890778088483,False,True,True,True,True,"{'b0': 1.2166083344131005, 'b1': 0.26019268820036834, 'b2': 0.008912107666185089, 'sigma': 0.3030173580198635, 'eta': 0.189222977005169, 'gamma_i': 0.027838876910047102, 'gamma_h': 0.13594220360353781, 'rho': 5.879588948163201, 'S0': 0.7690785795761828, 'E0': 0.1402870907868186, 'I0': 0.04969677420167846, 'H0': 0.040937555435320336, 'R0': 0.0, 'fractional': 0.0}",44,44,200,False,False,exhaustive_structure_discovery,44
1,,SEIR|fractional=0|obs=delayed_I|delay=3,SEIR|fractional=0|obs=delayed_I|delay=3,SEIR,False,delayed_I,3,delayed,8,4,0.1108919358375687,0.22189511126461656,0.28159892685611404,0.1943986262802067,0.202858865032829,1.2912678775008257,0.1621953976204936,0.18274174768013593,3,0.15711894328789688,0.06901198200235167,0.03450599100117584,0.08359480529503577,"{'1': {'mae': 0.1553861832643829, 'rmse': 0.16969743450711505, 'smape': 1.214343325111377}, '2': {'mae': 0.1787678550171165, 'rmse': 0.2086674116516389, 'smape': 1.3262506118083974}, '4': {'mae': 0.1524321545799814, 'rmse': 0.16986039688165383, 'smape': 1.4365175699983317}}",0.016718961059007154,0.175,0.08,0.08,0.0,0.0,0.0,0.015,0.0,0.0,stability_aware,multi_split_mean_mae + multi_split_penalty + stability_penalty + complexity_penalty + age_prior_penalty,0.3833438953480799,False,True,True,True,True,"{'b0': 1.229217216296656, 'b1': 0.17235647302290372, 'b2': 0.06561062053495491, 'sigma': 0.2225417841121348, 'gamma': 0.11330137097439083, 'rho': 4.2407694902588, 'S0': 0.7532649094154051, 'E0': 0.19515780039750122, 'I0': 0.05157729018709349, 'R0': 0.0, 'fractional': 0.0}",44,44,200,False,False,exhaustive_structure_discovery,44
1,,SEIR|fractional=1|obs=delayed_I|delay=1,SEIR|fractional=1|obs=delayed_I|delay=1,SEIR,True,delayed_I,1,delayed,9,4,0.13378343580320534,0.23050903308434942,0.2909638270690717,0.20740934293275806,0.21505647557282304,1.312176410120747,0.163340269413728,0.1780132115795624,3,0.15825170023218815,0.052449197496295924,0.026224598748147962,0.07068946127982834,"{'1': {'mae': 0.16416896376136308, 'rmse': 0.1775714478744559, 'smape': 1.2329388476932557}, '2': {'mae': 0.16303523698404343, 'rmse': 0.17693075288937007, 'smape': 1.3034412372347064}, '4': {'mae': 0.16281660749577745, 'rmse': 0.17953743397486122, 'smape': 1.4548812450528321}}",0.014137892255965668,0.19,0.09,0.08,0.015,0.0,0.0,0.005,0.0,-0.0025,stability_aware,multi_split_mean_mae + multi_split_penalty + stability_penalty + complexity_penalty + age_prior_penalty,0.3861141912363018,False,True,True,True,True,"{'b0': 0.824427978636127, 'b1': 0.373985266496188, 'b2': -0.05289885470677311, 'sigma': 0.24258508542534765, 'gamma': 0.12510718919811067, 'rho': 4.551689118728131, 'alpha': 0.9832769770240511, 'S0': 0.8638246399343472, 'E0': 0.09641800315037746, 'I0': 0.03975735691527525, 'R0': 0.0, 'fractional': 1.0}",44,44,200,False,False,exhaustive_structure_discovery,44
1,,SEIHR|fractional=0|obs=delayed_I|delay=1,SEIHR|fractional=0|obs=delayed_I|delay=1,SEIHR,False,delayed_I,1,delayed,11,5,0.13760208228604914,0.22731051541232394,0.2894252674334274,0.17547681818831162,0.18457654419548114,1.256655763439827,0.13816222808924364,0.15413248655665704,3,0.13341093807907176,0.049443290137902475,0.024721645068951238,0.06822473678811751,"{'1': {'mae': 0.14011683159093977, 'rmse': 0.15463768622230686, 'smape': 1.1786173382176826}, '2': {'mae': 0.13809953685894882, 'rmse': 0.15318107548759483, 'smape': 1.2486809806937993}, '4': {'mae': 0.1362703158178423, 'rmse': 0.1545786979600694, 'smape': 1.4027182846966855}}",0.013644947357623503,0.21500000000000002,0.11,0.1,0.0,0.0,0.0,0.005,0.0,0.0,stability_aware,multi_split_mean_mae + multi_split_penalty + stability_penalty + complexity_penalty + age_prior_penalty,0.38677753050564656,False,True,True,True,True,"{'b0': 1.371926165728688, 'b1': 0.2957390571425465, 'b2': 0.022997030835193846, 'sigma': 0.22904810935913456, 'eta': 0.06014923214758434, 'gamma_i': 0.06017336946342395, 'gamma_h': 0.5000237308195992, 'rho': 6.398520962206827, 'S0': 0.6060805637843589, 'E0': 0.07407483121289542, 'I0': 0.028974451550723264, 'H0': 0.29087015345202233, 'R0': 0.0, 'fractional': 0.0}",44,44,200,False,False,exhaustive_structure_discovery,44
1,,SIR|fractional=1|obs=delayed_I|delay=3,SIR|fractional=1|obs=delayed_I|delay=3,SIR,True,delayed_I,3,delayed,7,3,0.11198675066599906,0.23487131334762706,0.2902820114588691,0.25689679400515225,0.262793572138969,1.3818445139831677,0.1943112985559303,0.20877774564164775,3,0.18849264352236936,0.05881593274777958,0.02940796637388979,0.07628371800477161,"{'1': {'mae': 0.19243665976911514, 'rmse': 0.20557218754054504, 'smape': 1.2880137560783897}, '2': {'mae': 0.19337106464623846, 'rmse': 0.20701124075278696, 'smape': 1.360211495463413}, '4': {'mae': 0.19712617125243723, 'rmse': 0.21374980863161125, 'smape': 1.5095130405985981}}",0.015256743600954324,0.16000000000000003,0.07,0.06,0.015,0.0,0.0,0.015,0.0,-0.0025,stability_aware,multi_split_mean_mae + multi_split_penalty + stability_penalty + complexity_penalty + age_prior_penalty,0.3906573534972135,False,True,True,True,True,"{'b0': -0.33964005483479504, 'b1': 0.1614565280376251, 'b2': 0.04506600939404958, 'gamma': 0.10842785954859274, 'rho': 3.838970714578645, 'alpha': 0.9682482059364488, 'S0': 0.9381645980307154, 'I0': 0.06183540196928466, 'R0': 0.0, 'fractional': 1.0}",44,44,200,False,False,exhaustive_structure_discovery,44
1,,SEIRS|fractional=0|obs=delayed_I|delay=1,SEIRS|fractional=0|obs=delayed_I|delay=1,SEIRS,False,delayed_I,1,delayed,9,4,0.1324338599789769,0.18034616092947534,0.2319453808061434,0.03774301400236188,0.04739945043654696,1.1417458193800647,0.1506884325488049,0.1984028027222041,3,0.13831178644120012,0.11077399639301681,0.05538699819650841,0.1278479485914105,"{'1': {'mae': 0.17472657407447553, 'rmse': 0.24144618142491525, 'smape': 1.3778045546374509}, '2': {'mae': 0.1555897206721306, 'rmse': 0.18489859449292917, 'smape': 1.418688175936757}, '4': {'mae': 0.12174900289980861, 'rmse': 0.16886363224876777, 'smape': 1.6014360234279479}}",0.0255695897182821,0.185,0.09,0.08,0.0,0.0,0.0,0.005,0.01,-0.01,stability_aware,multi_split_mean_mae + multi_split_penalty + stability_penalty + complexity_penalty + age_prior_penalty,0.3942683743559906,False,True,True,True,True,"{'b0': -0.8103869392562264, 'b1': 1.8949086667309027, 'b2': 0.8889764096992349, 'sigma': 0.8435307843290971, 'gamma': 0.40395163008213403, 'omega': 0.7610413258289002, 'rho': 5.150822482804881, 'S0': 0.9097334365602437, 'E0': 0.04987769562100972, 'I0': 0.04038886781874642, 'R0': 0.0, 'fractional': 0.0}",44,44,200,False,False,exhaustive_structure_discovery,44
1,,SEIR|fractional=1|obs=delayed_I|delay=2,SEIR|fractional=1|obs=delayed_I|delay=2,SEIR,True,delayed_I,2,delayed,9,4,0.1254280547761627,0.22783356450001616,0.2873867562170269,0.21324825297004146,0.22069136582846396,1.3214009767132482,0.16809686584345343,0.18261289725445726,3,0.16292920954989248,0.05319502121140773,0.026597510605703863,0.07127505689796187,"{'1': {'mae': 0.16869865918829222, 'rmse': 0.18200650603848792, 'smape': 1.2423425048546066}, '2': {'mae': 0.16775049519337906, 'rmse': 0.18152269699821355, 'smape': 1.3129733801954644}, '4': {'mae': 0.167841443148689, 'rmse': 0.18430948872667025, 'smape': 1.4639528181826467}}",0.014255011379592376,0.195,0.09,0.08,0.015,0.0,0.0,0.01,0.0,-0.0025,stability_aware,multi_split_mean_mae + multi_split_penalty + stability_penalty + complexity_penalty + age_prior_penalty,0.3962817315351887,False,True,True,True,True,"{'b0': 0.9930752988461616, 'b1': 0.26677666785260706, 'b2': 0.02089429847184286, 'sigma': 0.2407454073503642, 'gamma': 0.12315598237644297, 'rho': 4.45146430599686, 'alpha': 0.9829060917037951, 'S0': 0.8256084032411307, 'E0': 0.1297937805539437, 'I0': 0.04459781620492573, 'R0': 0.0, 'fractional': 1.0}",44,44,200,False,False,exhaustive_structure_discovery,44
1,,SEIHR|fractional=0|obs=delayed_I|delay=2,SEIHR|fractional=0|obs=delayed_I|delay=2,SEIHR,False,delayed_I,2,delayed,11,5,0.12923879217057327,0.22431103120344895,0.28585181208600485,0.18108761463591588,0.18996722378869854,1.26726881903551,0.14228816727107338,0.15817969077401348,3,0.13742880783786582,0.05044394069978859,0.025221970349894294,0.06900857401402695,"{'1': {'mae': 0.14405711501890772, 'rmse': 0.15854613678377702, 'smape': 1.1881132534201104}, '2': {'mae': 0.14220224685484395, 'rmse': 0.1572400715046318, 'smape': 1.2583562571954987}, '4': {'mae': 0.1406051399394685, 'rmse': 0.15875286403363156, 'smape': 1.4120898282906569}}",0.013801714802805391,0.22000000000000003,0.11,0.1,0.0,0.0,0.0,0.01,0.0,0.0,stability_aware,multi_split_mean_mae + multi_split_penalty + stability_penalty + complexity_penalty + age_prior_penalty,0.3964524929905655,False,True,True,True,True,"{'b0': 1.528025846114055, 'b1': 0.20800191521877634, 'b2': 0.08330793485138253, 'sigma': 0.22678889713736478, 'eta': 0.059011395046723536, 'gamma_i': 0.0589669559708303, 'gamma_h': 0.4997182027577041, 'rho': 6.175567552602734, 'S0': 0.5807015152308602, 'E0': 0.10309061071970332, 'I0': 0.032868686687964804, 'H0': 0.28333918736147184, 'R0': 0.0, 'fractional': 0.0}",44,44,200,False,False,exhaustive_structure_discovery,44
1,,SEIAR|fractional=0|obs=I,SEIAR|fractional=0|obs=I,SEIAR,False,I,0,infectious,11,5,0.15974459612109,0.24566007679377075,0.3053833435304939,0.19398882619755062,0.20248657404543197,1.2905659472104796,0.15209775485084717,0.16770014092500665,3,0.14703775897420043,0.052299930221783746,0.026149965110891873,0.07054051540168554,"{'1': {'mae': 0.15397978717897143, 'rmse': 0.16822005438123305, 'smape': 1.2109626828116007}, '2': {'mae': 0.15202190453746484, 'rmse': 0.16674172528236506, 'smape': 1.2804307738551925}, '4': {'mae': 0.15029157283610525, 'rmse': 0.16813864311142193, 'smape': 1.4312954526649093}}",0.014108103080337109,0.21000000000000002,0.11,0.1,0.0,0.0,0.0,0.0,0.0,0.0,stability_aware,multi_split_mean_mae + multi_split_penalty + stability_penalty + complexity_penalty + age_prior_penalty,0.39729582716542944,False,True,True,True,True,"{'b0': 0.5031287998296247, 'b1': 0.7506455703358802, 'b2': -0.2929524309595227, 'sigma': 0.25625771003151254, 'p_asym': 0.07559442060468953, 'gamma_i': 0.11205973966811872, 'gamma_a': 0.7406745885831726, 'rho': 5.302574651369571, 'S0': 0.7814462211943014, 'E0': 0.0669167375996181, 'I0': 0.03199134322028603, 'A0': 0.11964569798579465, 'R0': 0.0, 'fractional': 0.0}",44,44,200,False,False,exhaustive_structure_discovery,44
1,,SEIHR|fractional=0|obs=I+H,SEIHR|fractional=0|obs=I+H,SEIHR,False,I+H,0,joint,11,5,0.16045178752836603,0.24455418730781225,0.30082050117068637,0.19087608578573967,0.1993854115033333,1.2849779460847048,0.149971864606508,0.16556949419626057,3,0.14497377223147245,0.05174177129850792,0.02587088564925396,0.07006592825671515,"{'1': {'mae': 0.15157607928215316, 'rmse': 0.16582906189820354, 'smape': 1.2056209813744914}, '2': {'mae': 0.14985210109095382, 'rmse': 0.16461386562567526, 'smape': 1.2757820847554924}, '4': {'mae': 0.14848741344641697, 'rmse': 0.16626555506490295, 'smape': 1.4280713490438333}}",0.01401318565134303,0.21500000000000002,0.11,0.1,0.0,0.005,0.0,0.0,0.0,0.0,stability_aware,multi_split_mean_mae + multi_split_penalty + stability_penalty + complexity_penalty + age_prior_penalty,0.39985784353206943,False,True,True,True,True,"{'b0': 0.8692147653902368, 'b1': 0.4336511941905324, 'b2': -0.12680777312819952, 'sigma': 0.2397963793469474, 'eta': 0.07076114937325675, 'gamma_i': 0.04230331045083857, 'gamma_h': 0.7106647084991838, 'rho': 4.269250691026932, 'S0': 0.8091811035477301, 'E0': 0.07826114803822094, 'I0': 0.029676646900511732, 'H0': 0.08288110151353718, 'R0': 0.0, 'fractional': 0.0}",44,44,200,False,False,exhaustive_structure_discovery,44
1,,SEIAR|fractional=0|obs=delayed_I|delay=1,SEIAR|fractional=0|obs=delayed_I|delay=1,SEIAR,False,delayed_I,1,delayed,11,5,0.14940857269202198,0.24000295720085404,0.30020689150777347,0.19376394030441532,0.20232531873528464,1.2902671586181562,0.15262669292331402,0.16814089301961999,3,0.14758229827395822,0.05220966064409706,0.02610483032204853,0.07044555089072863,"{'1': {'mae': 0.15468842526324578, 'rmse': 0.16884169403129895, 'smape': 1.212572045225385}, '2': {'mae': 0.15260276748554294, 'rmse': 0.1672490396310204, 'smape': 1.2817026335836603}, '4': {'mae': 0.15058888602115336, 'rmse': 0.16833194539654067, 'smape': 1.4318938896071143}}",0.014089110178145726,0.21500000000000002,0.11,0.1,0.0,0.0,0.0,0.005,0.0,0.0,stability_aware,multi_split_mean_mae + multi_split_penalty + stability_penalty + complexity_penalty + age_prior_penalty,0.4027762387741525,False,True,True,True,True,"{'b0': 0.6617645891001671, 'b1': 0.5636673519062313, 'b2': -0.15787277082401655, 'sigma': 0.24910185962002213, 'p_asym': 0.07861238701260703, 'gamma_i': 0.11290662334806122, 'gamma_a': 0.7105137123383428, 'rho': 5.369392579285037, 'S0': 0.7540974306340994, 'E0': 0.08332068978942396, 'I0': 0.03403325907019552, 'A0': 0.12854862050628116, 'R0': 0.0, 'fractional': 0.0}",44,44,200,False,False,exhaustive_structure_discovery,44
1,,SEIHR|fractional=0|obs=delayed_I|delay=3,SEIHR|fractional=0|obs=delayed_I|delay=3,SEIHR,False,delayed_I,3,delayed,11,5,0.12144148220628032,0.22220162280593184,0.2830918500390479,0.18617672339754404,0.19486781201133369,1.2766158305745883,0.14613267481982029,0.1620024499976984,3,0.14116048155760066,0.051509826889299185,0.025754913444649592,0.06984573542852034,"{'1': {'mae': 0.1477137012498541, 'rmse': 0.16224827469263045, 'smape': 1.1966525857260797}, '2': {'mae': 0.14601418169672636, 'rmse': 0.1610777222278542, 'smape': 1.2671395755302424}, '4': {'mae': 0.14467014151288035, 'rmse': 0.16268135307261053, 'smape': 1.4207277837483876}}",0.013969147085704068,0.22500000000000003,0.11,0.1,0.0,0.0,0.0,0.015,0.0,0.0,stability_aware,multi_split_mean_mae + multi_split_penalty + stability_penalty + complexity_penalty + age_prior_penalty,0.4058845420879543,False,True,True,True,True,"{'b0': 1.6803279970122036, 'b1': 0.14832100952353316, 'b2': 0.12196235406279152, 'sigma': 0.22415444437904827, 'eta': 0.05790506355315186, 'gamma_i': 0.0580948313594756, 'gamma_h': 0.5001696821234987, 'rho': 5.924532690085342, 'S0': 0.5423742011264506, 'E0': 0.14984857892336134, 'I0': 0.03738854651246788, 'H0': 0.27038867343772016, 'R0': 0.0, 'fractional': 0.0}",44,44,200,False,False,exhaustive_structure_discovery,44
1,,SEIR|fractional=1|obs=delayed_I|delay=3,SEIR|fractional=1|obs=delayed_I|delay=3,SEIR,True,delayed_I,3,delayed,9,4,0.11765115157340439,0.22558227049557236,0.284655894711387,0.21921165136238369,0.2264498384594249,1.3305318352637907,0.17317182282268698,0.18752686066853239,3,0.16792500582895709,0.053994494959623045,0.026997247479811522,0.07189125410651262,"{'1': {'mae': 0.17349944749444152, 'rmse': 0.18673280091429198, 'smape': 1.2520919627136606}, '2': {'mae': 0.172782462282613, 'rmse': 0.18644013074309698, 'smape': 1.3229637087648907}, '4': {'mae': 0.17323355869100648, 'rmse': 0.18940765034820814, 'smape': 1.4735055566437143}}",0.014378250821302525,0.2,0.09,0.08,0.015,0.0,0.0,0.015,0.0,-0.0025,stability_aware,multi_split_mean_mae + multi_split_penalty + stability_penalty + complexity_penalty + age_prior_penalty,0.4068005041300711,False,True,True,True,True,"{'b0': 1.181130544187377, 'b1': 0.1893441683977527, 'b2': 0.07189508945940505, 'sigma': 0.2393333178572257, 'gamma': 0.12114331685628976, 'rho': 4.343741884603622, 'alpha': 0.9824457093187622, 'S0': 0.7687974309265276, 'E0': 0.1808669931892603, 'I0': 0.050335575884211954, 'R0': 0.0, 'fractional': 1.0}",44,44,200,False,False,exhaustive_structure_discovery,44
1,,SEIAR|fractional=0|obs=delayed_I|delay=2,SEIAR|fractional=0|obs=delayed_I|delay=2,SEIAR,False,delayed_I,2,delayed,11,5,0.1384745644604488,0.2340305686518448,0.2950671634670936,0.1943108732976613,0.20288367405557342,1.2912682664904664,0.15339147787224452,0.16883968600240926,3,0.14834565386417697,0.05222454621158311,0.026112273105791554,0.07045417133459754,"{'1': {'mae': 0.15553402461255755, 'rmse': 0.16962323861054096, 'smape': 1.2144803447067531}, '2': {'mae': 0.1533928198695256, 'rmse': 0.16797178240362953, 'smape': 1.2833892966440812}, '4': {'mae': 0.15124758913465045, 'rmse': 0.16892403699305725, 'smape': 1.4331954842574035}}",0.014090834266919509,0.22000000000000003,0.11,0.1,0.0,0.0,0.0,0.01,0.0,0.0,stability_aware,multi_split_mean_mae + multi_split_penalty + stability_penalty + complexity_penalty + age_prior_penalty,0.4085487612368881,False,True,True,True,True,"{'b0': 0.8052570239074522, 'b1': 0.3935070389111781, 'b2': -0.055369337495560764, 'sigma': 0.24333399556504734, 'p_asym': 0.08229071629562656, 'gamma_i': 0.11322431973964703, 'gamma_a': 0.6608843450158357, 'rho': 5.4444629852529, 'S0': 0.710822089619232, 'E0': 0.10991643596485004, 'I0': 0.0366337019749632, 'A0': 0.14262777244095481, 'R0': 0.0, 'fractional': 0.0}",44,44,200,False,False,exhaustive_structure_discovery,44
1,,SEIAR|fractional=0|obs=delayed_I|delay=3,SEIAR|fractional=0|obs=delayed_I|delay=3,SEIAR,False,delayed_I,3,delayed,11,5,0.12778182910327274,0.2278281964804737,0.2907952361904661,0.19438545836023108,0.20298103955192473,1.291441944604481,0.1534003571068093,0.1688612102518637,3,0.14834982696337087,0.052218794310861676,0.026109397155430838,0.07047790397127729,"{'1': {'mae': 0.15564607255583568, 'rmse': 0.16964699334021915, 'smape': 1.2147703897326585}, '2': {'mae': 0.15340233433133268, 'rmse': 0.16801339680527094, 'smape': 1.282948419629735}, '4': {'mae': 0.15115266443325948, 'rmse': 0.16892324061010094, 'smape': 1.432498558050419}}",0.014095580794255458,0.22500000000000003,0.11,0.1,0.0,0.0,0.0,0.015,0.0,0.0,stability_aware,multi_split_mean_mae + multi_split_penalty + stability_penalty + complexity_penalty + age_prior_penalty,0.4135548049130572,False,True,True,True,True,"{'b0': 0.9041246210380157, 'b1': 0.2521753023984653, 'b2': 0.013720602559583317, 'sigma': 0.237267219488205, 'p_asym': 0.0874477506635134, 'gamma_i': 0.11374169669317089, 'gamma_a': 0.5364279303581214, 'rho': 5.565844887079604, 'S0': 0.6467633747114786, 'E0': 0.1514019992515393, 'I0': 0.03964307950609943, 'A0': 0.1621915465308827, 'R0': 0.0, 'fractional': 0.0}",44,44,200,False,False,exhaustive_structure_discovery,44
1,,SEIHR|fractional=1|obs=I,SEIHR|fractional=1|obs=I,SEIHR,True,I,0,infectious,12,5,0.15288875791421352,0.23469008506766445,0.2957354641193586,0.1936412408134997,0.20166183538151541,1.2889787553260432,0.15301479223940226,0.16779504783021978,3,0.14818221832585352,0.050045010925392694,0.025022505462696347,0.0687676487740936,"{'1': {'mae': 0.1541309962947041, 'rmse': 0.16755817246834814, 'smape': 1.211091080766267}, '2': {'mae': 0.15278321581344162, 'rmse': 0.1667342442625071, 'smape': 1.2818139554720387}, '4': {'mae': 0.152130164610061, 'rmse': 0.16909272675980402, 'smape': 1.4348124267248161}}",0.01375352975481872,0.235,0.12,0.1,0.015,0.0,0.0,0.0,0.0,-0.0025,stability_aware,multi_split_mean_mae + multi_split_penalty + stability_penalty + complexity_penalty + age_prior_penalty,0.4194582535433686,False,True,True,True,True,"{'b0': 1.1828270205882474, 'b1': 0.4607581851123251, 'b2': -0.0821632034342285, 'sigma': 0.250856486904385, 'eta': 0.06523086463546944, 'gamma_i': 0.06525573355227052, 'gamma_h': 0.5001242790225043, 'rho': 6.705779581205471, 'alpha': 0.9830417230219989, 'S0': 0.6298569224369504, 'E0': 0.05304982762076358, 'I0': 0.024975970087973386, 'H0': 0.29211727985431263, 'R0': 0.0, 'fractional': 1.0}",44,44,200,False,False,exhaustive_structure_discovery,44
1,,SEIHR|fractional=1|obs=H,SEIHR|fractional=1|obs=H,SEIHR,True,H,0,hospitalized,12,5,0.1605513547441667,0.23953911735351333,0.2955659610742493,0.18207348197212464,0.1912430344466962,1.269425915394124,0.15047631158619076,0.16487850138333873,3,0.14586259825339132,0.04851055094211548,0.02425527547105774,0.06728294685815261,"{'1': {'mae': 0.15378460132508684, 'rmse': 0.16690106298203358, 'smape': 1.2108747818611678}, '2': {'mae': 0.15076591920768387, 'rmse': 0.16436998397046884, 'smape': 1.2776649674768858}, '4': {'mae': 0.14687841422580153, 'rmse': 0.1633644571975138, 'smape': 1.4250440006555167}}",0.013456589371630523,0.24,0.12,0.1,0.015,0.0,0.005,0.0,0.0,-0.0025,stability_aware,multi_split_mean_mae + multi_split_penalty + stability_penalty + complexity_penalty + age_prior_penalty,0.4210744630960796,False,True,True,True,True,"{'b0': 1.2153845529387344, 'b1': 0.29473051913036097, 'b2': 0.0059632546332771055, 'sigma': 0.31984339698736747, 'eta': 0.19847066805293848, 'gamma_i': 0.028796253835050314, 'gamma_h': 0.14202703274720307, 'rho': 5.983912611674357, 'alpha': 0.9878885010766697, 'S0': 0.7851848279255158, 'E0': 0.12662859850156358, 'I0': 0.047318790860058704, 'H0': 0.04086778271286206, 'R0': 0.0, 'fractional': 1.0}",44,44,200,False,False,exhaustive_structure_discovery,44
1,,SEIHR|fractional=1|obs=delayed_I|delay=1,SEIHR|fractional=1|obs=delayed_I|delay=1,SEIHR,True,delayed_I,1,delayed,12,5,0.14442721385339674,0.23079175664787768,0.2919773013813907,0.19910924542698186,0.20693018817693523,1.2982887148521254,0.15727207173723354,0.1719142568678246,3,0.1523607773377182,0.05075423220225083,0.025377116101125415,0.06933724971155052,"{'1': {'mae': 0.1582176897262988, 'rmse': 0.1715319681200345, 'smape': 1.2201308417557495}, '2': {'mae': 0.156985864777906, 'rmse': 0.17082044682867492, 'smape': 1.2907906558011384}, '4': {'mae': 0.15661266070749585, 'rmse': 0.17339035565476452, 'smape': 1.443392691604396}}",0.013867449942310104,0.24,0.12,0.1,0.015,0.0,0.0,0.005,0.0,-0.0025,stability_aware,multi_split_mean_mae + multi_split_penalty + stability_penalty + complexity_penalty + age_prior_penalty,0.4291053433811537,False,True,True,True,True,"{'b0': 1.3493824025245762, 'b1': 0.3337536345711248, 'b2': 0.01649357071354079, 'sigma': 0.2472050050575767, 'eta': 0.0643323942565449, 'gamma_i': 0.06438353324629485, 'gamma_h': 0.5003899574014568, 'rho': 6.562944697128728, 'alpha': 0.9827804364420814, 'S0': 0.612564803561181, 'E0': 0.0687809641753757, 'I0': 0.02808092779255911, 'H0': 0.29057330447088403, 'R0': 0.0, 'fractional': 1.0}",44,44,200,False,False,exhaustive_structure_discovery,44
1,,SEIAR|fractional=1|obs=I,SEIAR|fractional=1|obs=I,SEIAR,True,I,0,infectious,12,5,0.16725154050845908,0.24874327304673066,0.30751380626588914,0.21317886421535587,0.22081175713940637,1.3217149774048857,0.16756853490989945,0.18228867838241436,3,0.1623545898457709,0.05362288450216099,0.026811442251080495,0.07167281094931638,"{'1': {'mae': 0.1687229145008545, 'rmse': 0.18215955463559086, 'smape': 1.2424597437442957}, '2': {'mae': 0.16733538893087638, 'rmse': 0.1812329954846918, 'smape': 1.3121523224301301}, '4': {'mae': 0.16664730129796748, 'rmse': 0.1834734850269604, 'smape': 1.4614453620395895}}",0.014334562189863276,0.235,0.12,0.1,0.015,0.0,0.0,0.0,0.0,-0.0025,stability_aware,multi_split_mean_mae + multi_split_penalty + stability_penalty + complexity_penalty + age_prior_penalty,0.43600059428671467,False,True,True,True,True,"{'b0': 0.48100973518215007, 'b1': 0.8071580500689917, 'b2': -0.3106136801290203, 'sigma': 0.27461050855087416, 'p_asym': 0.07474830460157492, 'gamma_i': 0.11799476011890456, 'gamma_a': 0.742769177350062, 'rho': 5.371990184575186, 'alpha': 0.9853451926458339, 'S0': 0.7874555904116242, 'E0': 0.06369506736397529, 'I0': 0.03152269147489613, 'A0': 0.11732665074950432, 'R0': 0.0, 'fractional': 1.0}",44,44,200,False,False,exhaustive_structure_discovery,44
1,,SEIHR|fractional=1|obs=I+H,SEIHR|fractional=1|obs=I+H,SEIHR,True,I+H,0,joint,12,5,0.1675902404307053,0.2479234965873807,0.303210545852215,0.21213701352534559,0.21961479671934941,1.319677207178774,0.1671003948536989,0.1816136891916836,3,0.16196182740518128,0.05289530475597915,0.026447652377989576,0.07105864376915881,"{'1': {'mae': 0.16778972913637902, 'rmse': 0.18105070386322547, 'smape': 1.2405006241555925}, '2': {'mae': 0.16678469606691124, 'rmse': 0.1805220454338033, 'smape': 1.3110639622321718}, '4': {'mae': 0.16672675935780648, 'rmse': 0.1832683182780221, 'smape': 1.4618472351746772}}",0.014211728753831762,0.24,0.12,0.1,0.015,0.005,0.0,0.0,0.0,-0.0025,stability_aware,multi_split_mean_mae + multi_split_penalty + stability_penalty + complexity_penalty + age_prior_penalty,0.4401212085370026,False,True,True,True,True,"{'b0': 0.8467157497008508, 'b1': 0.47572427418202096, 'b2': -0.13744570701945294, 'sigma': 0.25770022226457495, 'eta': 0.07615304792781125, 'gamma_i': 0.04408579368162309, 'gamma_h': 0.708566422059994, 'rho': 4.324988077643658, 'alpha': 0.9839984598823952, 'S0': 0.8162265473810991, 'E0': 0.07327366414434831, 'I0': 0.028992750015833357, 'H0': 0.08150703845871902, 'R0': 0.0, 'fractional': 1.0}",44,44,200,False,False,exhaustive_structure_discovery,44
1,,SEIAR|fractional=1|obs=delayed_I|delay=1,SEIAR|fractional=1|obs=delayed_I|delay=1,SEIAR,True,delayed_I,1,delayed,12,5,0.1569766809133365,0.24303627871708883,0.30239115883201056,0.21334492381009124,0.22099489682267637,1.322010347272603,0.1684722058843491,0.1830504574877384,3,0.16328241549233433,0.053427030919761594,0.026713515459880797,0.07149520896953203,"{'1': {'mae': 0.16974783484543016, 'rmse': 0.18305259361926327, 'smape': 1.2445763286403184}, '2': {'mae': 0.16825721493435605, 'rmse': 0.18202715918296408, 'smape': 1.3139528364046464}, '4': {'mae': 0.1674115678732612, 'rmse': 0.1840716196609878, 'smape': 1.4628295325797702}}",0.014299041793906406,0.24,0.12,0.1,0.015,0.0,0.0,0.005,0.0,-0.0025,stability_aware,multi_split_mean_mae + multi_split_penalty + stability_penalty + complexity_penalty + age_prior_penalty,0.4417949727461215,False,True,True,True,True,"{'b0': 0.6441687880105303, 'b1': 0.6165370355721911, 'b2': -0.1715421432586815, 'sigma': 0.26585810826866163, 'p_asym': 0.07769727545257728, 'gamma_i': 0.11890978048231982, 'gamma_a': 0.7151505512213657, 'rho': 5.439458188650335, 'alpha': 0.9856051008421323, 'S0': 0.7622194755626552, 'E0': 0.07893563134771207, 'I0': 0.03343721116167932, 'A0': 0.12540768192795348, 'R0': 0.0, 'fractional': 1.0}",44,44,200,False,False,exhaustive_structure_discovery,44
1,,SEIAR|fractional=1|obs=delayed_I|delay=2,SEIAR|fractional=1|obs=delayed_I|delay=2,SEIAR,True,delayed_I,2,delayed,12,5,0.14601270779153086,0.23707418399447464,0.2973050323103079,0.21468064635344652,0.22228742880103963,1.3240820572973901,0.1698663241612778,0.1843387966374301,3,0.16467516061530915,0.05344190504622118,0.02672095252311059,0.07150579923122152,"{'1': {'mae': 0.17117327687206688, 'rmse': 0.18438016930804874, 'smape': 1.2474523864731917}, '2': {'mae': 0.169680913864283, 'rmse': 0.18334772689798995, 'smape': 1.3167486000763473}, '4': {'mae': 0.16874478174748356, 'rmse': 0.1852884937062516, 'smape': 1.4651249075170563}}",0.014301159846244305,0.245,0.12,0.1,0.015,0.0,0.0,0.01,0.0,-0.0025,stability_aware,multi_split_mean_mae + multi_split_penalty + stability_penalty + complexity_penalty + age_prior_penalty,0.44819727298466405,False,True,True,True,True,"{'b0': 0.7908274098715401, 'b1': 0.4424624876264572, 'b2': -0.06349366686818254, 'sigma': 0.2593513362527476, 'p_asym': 0.08115854829622232, 'gamma_i': 0.11929620307889335, 'gamma_a': 0.6695820119092573, 'rho': 5.510088654733243, 'alpha': 0.9855398529488615, 'S0': 0.722113051250735, 'E0': 0.10344168837312487, 'I0': 0.036007085757759245, 'A0': 0.13843817461838095, 'R0': 0.0, 'fractional': 1.0}",44,44,200,False,False,exhaustive_structure_discovery,44
1,,SEIHR|fractional=1|obs=delayed_I|delay=3,SEIHR|fractional=1|obs=delayed_I|delay=3,SEIHR,True,delayed_I,3,delayed,12,5,0.12804319748080528,0.22595893718512183,0.2860774762981787,0.21183654827736334,0.219207492391629,1.3189177561413372,0.1665010115295562,0.18102108397682357,3,0.16137058850180094,0.05277326946425039,0.026386634732125196,0.07095952916549901,"{'1': {'mae': 0.16689894643769784, 'rmse': 0.18017957409918517, 'smape': 1.2385084128871804}, '2': {'mae': 0.1660994831032266, 'rmse': 0.17987438836408695, 'smape': 1.3095573465756662}, '4': {'mae': 0.1665046050477442, 'rmse': 0.18300928946719855, 'smape': 1.4615482064274932}}",0.014191905833099802,0.25,0.12,0.1,0.015,0.0,0.0,0.015,0.0,-0.0025,stability_aware,multi_split_mean_mae + multi_split_penalty + stability_penalty + complexity_penalty + age_prior_penalty,0.44944912906702594,False,True,True,True,True,"{'b0': 1.6443558247370285, 'b1': 0.16471407464943535, 'b2': 0.12768295691243234, 'sigma': 0.24272486775358737, 'eta': 0.06220469645581481, 'gamma_i': 0.06218198620558356, 'gamma_h': 0.5000186819411233, 'rho': 6.099754631647149, 'alpha': 0.9817675554480012, 'S0': 0.5536835810956228, 'E0': 0.13682641066097354, 'I0': 0.03633884845928709, 'H0': 0.2731511597841167, 'R0': 0.0, 'fractional': 1.0}",44,44,200,False,False,exhaustive_structure_discovery,44
1,,SEIAR|fractional=1|obs=delayed_I|delay=3,SEIAR|fractional=1|obs=delayed_I|delay=3,SEIAR,True,delayed_I,3,delayed,12,5,0.13521381053193002,0.23081463310360692,0.29311187589908555,0.21649194847498024,0.22402361694960704,1.326837034753472,0.17130236914548236,0.18569883734218587,3,0.16609696561031578,0.05354625654351329,0.026773128271756645,0.07159816306647811,"{'1': {'mae': 0.1725611169995288, 'rmse': 0.18568546572678898, 'smape': 1.2502203839372314}, '2': {'mae': 0.17109604281411664, 'rmse': 0.18469312670265534, 'smape': 1.31945518450766}, '4': {'mae': 0.17024994762280163, 'rmse': 0.18671791959711337, 'smape': 1.4676817944073461}}",0.014319632613295621,0.25,0.12,0.1,0.015,0.0,0.0,0.015,0.0,-0.0025,stability_aware,multi_split_mean_mae + multi_split_penalty + stability_penalty + complexity_penalty + age_prior_penalty,0.45468972649536804,False,True,True,True,True,"{'b0': 0.9189721711512586, 'b1': 0.29161910792540296, 'b2': 0.014777802327573893, 'sigma': 0.2533421389381501, 'p_asym': 0.08582559762188346, 'gamma_i': 0.11967052976537053, 'gamma_a': 0.5967111693790788, 'rho': 5.611814055787825, 'alpha': 0.9851178773932001, 'S0': 0.6624251473207182, 'E0': 0.14152973429125734, 'I0': 0.03909515290727412, 'A0': 0.1569499654807503, 'R0': 0.0, 'fractional': 1.0}",44,44,200,False,False,exhaustive_structure_discovery,44
1,,SEIHR|fractional=1|obs=delayed_I|delay=2,SEIHR|fractional=1|obs=delayed_I|delay=2,SEIHR,True,delayed_I,2,delayed,12,5,0.135948487991002,0.22787778451222257,0.28860473369104256,0.2056440095991582,0.21322869747246628,1.3090516624151314,0.17346709076352537,0.19627943907849477,3,0.1684520957256605,0.07532145110528012,0.03766072555264006,0.090347527241613,"{'1': {'mae': 0.16267280092697717, 'rmse': 0.17593275317866794, 'smape': 1.2296901018746584}, '2': {'mae': 0.1960948912694831, 'rmse': 0.2346461552310578, 'smape': 1.3513325167611976}, '4': {'mae': 0.1616335800941158, 'rmse': 0.17825940882575847, 'smape': 1.4526962522957387}}",0.0180695054483226,0.245,0.12,0.1,0.015,0.0,0.0,0.01,0.0,-0.0025,stability_aware,multi_split_mean_mae + multi_split_penalty + stability_penalty + complexity_penalty + age_prior_penalty,0.46668232672662313,False,True,True,True,True,"{'b0': 1.497882355900413, 'b1': 0.23482906746130627, 'b2': 0.08408181363244956, 'sigma': 0.24522580416817177, 'eta': 0.06320764741719755, 'gamma_i': 0.06322197138383207, 'gamma_h': 0.4998387732788149, 'rho': 6.34757894504094, 'alpha': 0.9822700249897155, 'S0': 0.5888896197038515, 'E0': 0.09494815859280722, 'I0': 0.031857781150221955, 'H0': 0.28430444055311926, 'R0': 0.0, 'fractional': 1.0}",44,44,200,False,False,exhaustive_structure_discovery,44
