round,spec_key,structure_name,fractional,observation_map,delay_weeks,observation_family,num_free_params,num_compartments,train_objective,train_mae,train_rmse,val_mae,val_rmse,val_smape,rolling_val_mean_mae,rolling_val_mean_rmse,multi_split_blocks,multi_split_val_mean_mae,multi_split_val_std_mae,multi_split_penalty,rolling_val_error_std,rolling_val_metrics,stability_penalty,complexity_penalty,complexity_penalty_params,complexity_penalty_compartments,complexity_penalty_fractional,complexity_penalty_observation,complexity_penalty_h_observation,complexity_penalty_delay,complexity_penalty_recurrence,age_prior_penalty,score,params
1,SEIRS|fractional=0|obs=I,SEIRS,False,I,0,infectious,9,4,0.3619035902848986,0.33229795610019275,0.4369448421393656,0.16393726812980747,0.19840012508374377,1.1631089442990175,0.1396903108364596,0.16872689590669174,2,0.1403264610521847,0.010158714301367121,0.005079357150683561,0.09450579829517286,"{'1': {'mae': 0.13949321507719392, 'rmse': 0.1718039479865023, 'smape': 0.9643983596682913}, '2': {'mae': 0.13988740659572532, 'rmse': 0.16564984382688117, 'smape': 1.004737558732279}}",0.018901159659034574,0.18,0.09,0.08,0.0,0.0,0.0,0.0,0.01,-0.01,0.3343069778619028,"{'b0': -1.1461106633294507, 'b1': 3.092953596846346, 'b2': 0.5709737030957617, 'sigma': 0.9668579037174972, 'gamma': 0.4032445220145624, 'omega': 0.25521354363064375, 'rho': 17.144518593803152, 'S0': 0.9716405535483682, 'E0': 0.013588848395239217, 'I0': 0.014770598056392718, 'R0': 0.0, 'fractional': 0.0}"
2,SEIRS|fractional=1|obs=I,SEIRS,True,I,0,infectious,10,4,0.37522632814559914,0.3185912810332497,0.42486297049228794,0.11151970198709167,0.13302837089939187,0.5331450024630388,0.13471029335674617,0.1627274726663902,2,0.1344284092126799,0.024577156402518896,0.012288578201259448,0.09125640835063353,"{'1': {'mae': 0.13767826229676633, 'rmse': 0.16470413978468437, 'smape': 0.7771264835433389}, '2': {'mae': 0.13174232441672598, 'rmse': 0.16075080554809604, 'smape': 0.8169868433604826}}",0.01825128167012671,0.20500000000000002,0.1,0.08,0.015,0.0,0.0,0.0,0.01,-0.0075,0.3624682690840661,"{'b0': -0.5177551044327535, 'b1': 3.6463103890881174, 'b2': 0.2321575534228341, 'sigma': 0.8770047522660356, 'gamma': 0.6777456570929057, 'omega': 0.19962004672291658, 'rho': 26.236720271061266, 'alpha': 0.8918433916860424, 'S0': 0.9709294257657435, 'E0': 0.00987335656227517, 'I0': 0.019197217671981175, 'R0': 0.0, 'fractional': 1.0}"
3,SEIRS|fractional=1|obs=delayed_I|delay=3,SEIRS,True,delayed_I,3,delayed,10,4,0.3426862145114863,0.308441140051379,0.42893068847160243,0.13305580551614551,0.15877390879417205,0.7843964236675197,0.13379936402673667,0.15986345046557154,2,0.13337414565123912,0.02276039775339264,0.01138019887669632,0.08741715061950586,"{'1': {'mae': 0.13349010324155822, 'rmse': 0.15720411035499962, 'smape': 0.7621309332583988}, '2': {'mae': 0.13410862481191513, 'rmse': 0.1625227905761435, 'smape': 0.8238274469961877}}",0.017483430123901172,0.22000000000000003,0.1,0.08,0.015,0.0,0.0,0.015,0.01,-0.0075,0.3747377746518366,"{'b0': -0.3641006524080395, 'b1': 1.9945496013996922, 'b2': 1.5796483792048364, 'sigma': 0.9422324622344922, 'gamma': 0.5123062267962799, 'omega': 0.2754385834990048, 'rho': 20.53966376265339, 'alpha': 0.9656487674316718, 'S0': 0.9736555696498544, 'E0': 0.0158930084305559, 'I0': 0.010451421919589721, 'R0': 0.0, 'fractional': 1.0}"
2,SIR|fractional=1|obs=I,SIR,True,I,0,infectious,7,3,0.32381356672229533,0.3362658368391187,0.48830393257606863,0.35519321864263464,0.3822500606337138,0.9311734108829383,0.32047159485812315,0.35342047185905445,2,0.3152142909088237,0.08945496076242744,0.04472748038121372,0.14900312493573092,"{'1': {'mae': 0.3255453290986797, 'rmse': 0.3583492223742467, 'smape': 0.8825701890651063}, '2': {'mae': 0.31539786061756653, 'rmse': 0.34849172134386214, 'smape': 0.9177284364381167}}",0.029800624987146185,0.14500000000000002,0.07,0.06,0.015,0.0,0.0,0.0,0.0,0.0025,0.5372423962771835,"{'b0': -0.28246988086773855, 'b1': 2.098238286361803, 'b2': -0.8075144063220621, 'gamma': 0.3802491410980322, 'rho': 17.696735570697676, 'alpha': 0.7174793418996298, 'S0': 0.973887346835052, 'I0': 0.026112653164947965, 'R0': 0.0, 'fractional': 1.0}"
2,SEIRS|fractional=0|obs=delayed_I|delay=1,SEIRS,False,delayed_I,1,delayed,9,4,0.35982204123891365,0.3321907533945556,0.4390633511824937,0.16993420418642574,0.20637410955562396,1.2263515342123634,0.2638515885947032,0.3020513008869162,2,0.26397815136212666,0.1438897016950976,0.0719448508475488,0.14500613300593015,"{'1': {'mae': 0.3788222656126121, 'rmse': 0.42057814911803587, 'smape': 0.9324663110791717}, '2': {'mae': 0.14888091157679428, 'rmse': 0.18352445265579645, 'smape': 1.055218528283493}}",0.029001226601186033,0.185,0.09,0.08,0.0,0.0,0.0,0.005,0.01,-0.01,0.5399242288108614,"{'b0': -0.9146214537411319, 'b1': 2.761019243844841, 'b2': 0.9515218913490215, 'sigma': 0.9527135042459147, 'gamma': 0.4431018739218924, 'omega': 0.2759678637692109, 'rho': 18.26375513160812, 'S0': 0.9740906127459826, 'E0': 0.014345781839873947, 'I0': 0.01156360541414351, 'R0': 0.0, 'fractional': 0.0}"
1,SIR|fractional=0|obs=I,SIR,False,I,0,infectious,6,3,0.3308312370267182,0.35268127642473796,0.5092777476458727,0.39718256974873434,0.4255219658315018,0.9784804983179309,0.3383589538402385,0.3779069050173264,2,0.3314823466497359,0.11493627570823244,0.05746813785411622,0.1682721245868199,"{'1': {'mae': 0.34045389540579307, 'rmse': 0.3785719261012519, 'smape': 0.8896725249859404}, '2': {'mae': 0.336264012274684, 'rmse': 0.3772418839334008, 'smape': 0.9302204124714419}}",0.03365442491736398,0.12,0.06,0.06,0.0,0.0,0.0,0.0,0.0,0.0,0.5426049094212161,"{'b0': 0.05066266439812208, 'b1': 1.488478779613566, 'b2': -1.6396313331155614, 'gamma': 0.10066277650286792, 'rho': 9.395089201216642, 'S0': 0.9678803706529784, 'I0': 0.032119629347021665, 'R0': 0.0, 'fractional': 0.0}"
2,SIR|fractional=0|obs=delayed_I|delay=1,SIR,False,delayed_I,1,delayed,6,3,0.3290790432382712,0.351680422302714,0.509490077699026,0.3971204623272834,0.4254654653429454,0.9783995630238278,0.33791418220402136,0.377518216794308,2,0.33103505057797383,0.11497485912401463,0.057487429562007315,0.16829304894263086,"{'1': {'mae': 0.3400084439211768, 'rmse': 0.37817189477445595, 'smape': 0.8889874004199211}, '2': {'mae': 0.33581992048686593, 'rmse': 0.3768645388141601, 'smape': 0.9294824364147833}}",0.033658609788526174,0.125,0.06,0.06,0.0,0.0,0.0,0.005,0.0,0.0,0.5471810899285073,"{'b0': 0.12948779344136177, 'b1': 1.5735415045220578, 'b2': -1.4566282932971149, 'gamma': 0.10067748593219052, 'rho': 9.360060698394623, 'S0': 0.9672951307139923, 'I0': 0.032704869286007736, 'R0': 0.0, 'fractional': 0.0}"
2,SEIRS|fractional=0|obs=delayed_I|delay=3,SEIRS,False,delayed_I,3,delayed,9,4,0.3956499585308849,0.36660429235903097,0.5260680460298891,0.4887837697572812,0.5119178618524068,1.0807989902207784,0.2652474631504118,0.3025547521295772,2,0.26519889308310557,0.1449454779221966,0.0724727389610983,0.1435555430991119,"{'1': {'mae': 0.3810197436896705, 'rmse': 0.4219003078453527, 'smape': 0.9369554415504024}, '2': {'mae': 0.14947518261115306, 'rmse': 0.18320919641380173, 'smape': 1.0360148101708517}}",0.02871110861982238,0.195,0.09,0.08,0.0,0.0,0.0,0.015,0.01,-0.01,0.5513827406640263,"{'b0': 1.0448124090281, 'b1': 1.7877173364796959, 'b2': -0.8459393158135395, 'sigma': 0.897610538780191, 'gamma': 0.10502666121574662, 'omega': 0.003834566724287776, 'rho': 9.385682283185123, 'S0': 0.9467230557795975, 'E0': 0.02988246708012817, 'I0': 0.023394477140274286, 'R0': 0.0, 'fractional': 0.0}"
2,SIR|fractional=0|obs=delayed_I|delay=2,SIR,False,delayed_I,2,delayed,6,3,0.32676420766998804,0.3511301855143498,0.5101803170255507,0.3967360934420799,0.4250996139906171,0.977931209938055,0.3372812505234072,0.37689257276598476,2,0.33040936003058186,0.11483610951553104,0.05741805475776552,0.1681599064699785,"{'1': {'mae': 0.33938490143617805, 'rmse': 0.37754395818636916, 'smape': 0.8881619830129903}, '2': {'mae': 0.33517759961063626, 'rmse': 0.3762411873456004, 'smape': 0.9285626270327663}}",0.0336319812939957,0.13,0.06,0.06,0.0,0.0,0.0,0.01,0.0,0.0,0.5514593960823431,"{'b0': 0.20572149481828628, 'b1': 1.6196586604498113, 'b2': -1.2505492081754546, 'gamma': 0.10072203082223084, 'rho': 9.323824711569653, 'S0': 0.965774379954991, 'I0': 0.03422562004500884, 'R0': 0.0, 'fractional': 0.0}"
2,SIR|fractional=0|obs=delayed_I|delay=3,SIR,False,delayed_I,3,delayed,6,3,0.32377145026954635,0.3520741513061143,0.511643669529371,0.39591971858614805,0.42431949968885746,0.9769413911346106,0.3366128526759997,0.3761528662500846,2,0.32976050170173915,0.11446961383946147,0.057234806919730735,0.16784250373837356,"{'1': {'mae': 0.33873606572716825, 'rmse': 0.3768227172776353, 'smape': 0.8874467882610599}, '2': {'mae': 0.3344896396248312, 'rmse': 0.3754830152225339, 'smape': 0.9277472887590279}}",0.033568500747674715,0.135,0.06,0.06,0.0,0.0,0.0,0.015,0.0,0.0,0.5555638093691446,"{'b0': 0.2857308690085768, 'b1': 1.6018915992228016, 'b2': -1.0210963555483503, 'gamma': 0.10080768150069601, 'rho': 9.28468695657354, 'S0': 0.9630953566891088, 'I0': 0.03690464331089123, 'R0': 0.0, 'fractional': 0.0}"
3,SEIRS|fractional=1|obs=delayed_I|delay=1,SEIRS,True,delayed_I,1,delayed,10,4,0.3632559085914621,0.32246090881047806,0.4317133904628647,0.14685356904877722,0.1825974136551243,0.8942308143187307,0.25953039133302014,0.3000707337748634,2,0.2583104976351909,0.1643160042632131,0.08215800213160655,0.14680725342095968,"{'1': {'mae': 0.393180700604591, 'rmse': 0.43579779268167557, 'smape': 0.9496086547227633}, '2': {'mae': 0.1258800820614493, 'rmse': 0.16434367486805118, 'smape': 0.6761528682812543}}",0.029361450684191936,0.21000000000000002,0.1,0.08,0.015,0.0,0.0,0.005,0.01,-0.0075,0.5723299504509894,"{'b0': -0.7796976843472903, 'b1': 2.933856864380036, 'b2': 0.8353598305185533, 'sigma': 0.9640643795588871, 'gamma': 0.5074556488292598, 'omega': 0.2540054138972848, 'rho': 20.406092655409964, 'alpha': 0.96966873453159, 'S0': 0.9739463440286262, 'E0': 0.01577072125157417, 'I0': 0.010282934719799578, 'R0': 0.0, 'fractional': 1.0}"
3,SIR|fractional=1|obs=delayed_I|delay=2,SIR,True,delayed_I,2,delayed,7,3,0.3267984247401401,0.3409399132122371,0.49472748634858654,0.3680810726708944,0.39512155615571887,0.946769404497006,0.3413193531257671,0.3757665047376149,2,0.33564940780703706,0.10711639959410409,0.05355819979705204,0.15714579026439682,"{'1': {'mae': 0.35804795264059613, 'rmse': 0.39537844733935, 'smape': 0.9142279718581895}, '2': {'mae': 0.32459075361093814, 'rmse': 0.3561545621358798, 'smape': 0.9282563619044022}}",0.031429158052879366,0.15500000000000003,0.07,0.06,0.015,0.0,0.0,0.01,0.0,0.0025,0.5781367656569685,"{'b0': -0.28119908681999667, 'b1': 2.144867447979112, 'b2': -0.3021291744177186, 'gamma': 0.3544814339521238, 'rho': 16.931130129807926, 'alpha': 0.7339971627237185, 'S0': 0.975260821694839, 'I0': 0.024739178305161043, 'R0': 0.0, 'fractional': 1.0}"
1,SEIR|fractional=0|obs=I,SEIR,False,I,0,infectious,8,4,0.40368337163921697,0.36581158147188836,0.517325773421005,0.4015862602561002,0.4297716335783435,0.9837016078461494,0.34602973241046675,0.38458037415124086,2,0.3391915124835015,0.11433081845701605,0.057165409228508025,0.16779088560442684,"{'1': {'mae': 0.34842206340670817, 'rmse': 0.38557995939921985, 'smape': 0.9021128168854124}, '2': {'mae': 0.3436374014142254, 'rmse': 0.38358078890326186, 'smape': 0.9421787119600826}}",0.03355817712088537,0.16,0.08,0.08,0.0,0.0,0.0,0.0,0.0,-0.005,0.5849150988328949,"{'b0': 0.6379090857796942, 'b1': 2.0969215348493893, 'b2': -1.845798112625857, 'sigma': 0.9236337169785985, 'gamma': 0.10031566794971247, 'rho': 9.406446100060325, 'S0': 0.9599139120493454, 'E0': 0.020026245027052886, 'I0': 0.0200598429236017, 'R0': 0.0, 'fractional': 0.0}"
3,SIR|fractional=1|obs=delayed_I|delay=3,SIR,True,delayed_I,3,delayed,7,3,0.3291620127536512,0.35662211944241823,0.5138617503617579,0.4272362484509694,0.45360591131453887,1.0148471945690865,0.3435969683410386,0.3778793668456061,2,0.3377894315905784,0.10783322108424201,0.053916610542121005,0.15723342776183594,"{'1': {'mae': 0.3581071120581706, 'rmse': 0.3953920145883459, 'smape': 0.9143993003258923}, '2': {'mae': 0.32908682462390654, 'rmse': 0.3603667191028663, 'smape': 0.9337885168924989}}",0.03144668555236719,0.16000000000000003,0.07,0.06,0.015,0.0,0.0,0.015,0.0,0.0025,0.5856527276850665,"{'b0': 0.2714368754256566, 'b1': 1.6301454121997931, 'b2': -0.989552839308475, 'gamma': 0.11086129697663738, 'rho': 9.590088137268642, 'alpha': 0.9782373190739738, 'S0': 0.9636971983009706, 'I0': 0.03630280169902959, 'R0': 0.0, 'fractional': 1.0}"
1,SEIR|fractional=0|obs=delayed_I|delay=2,SEIR,False,delayed_I,2,delayed,8,4,0.38890575044740094,0.36218754228177047,0.5191448801770296,0.4028980798576366,0.43104278791410167,0.9852373211964398,0.34449453040004474,0.38383361249515213,2,0.3376047526298781,0.11593089735420697,0.05796544867710349,0.1692480101839236,"{'1': {'mae': 0.3463679259910511, 'rmse': 0.38463300380489757, 'smape': 0.8969910170625726}, '2': {'mae': 0.34262113480903833, 'rmse': 0.3830342211854067, 'smape': 0.9399048418043032}}",0.03384960203678472,0.17,0.08,0.08,0.0,0.0,0.0,0.01,0.0,-0.005,0.5944198033437663,"{'b0': 0.9062752236939623, 'b1': 2.054458770561512, 'b2': -1.2468363573736774, 'sigma': 0.9080009913335241, 'gamma': 0.10022586018832162, 'rho': 9.318036071877213, 'S0': 0.9543854233533595, 'E0': 0.023346494442245905, 'I0': 0.02226808220439462, 'R0': 0.0, 'fractional': 0.0}"
3,SIR|fractional=1|obs=delayed_I|delay=1,SIR,True,delayed_I,1,delayed,7,3,0.3341767254682864,0.3570179762204638,0.5122194509044254,0.42685233912982906,0.4533390402074917,1.0142340092174238,0.3561381715717362,0.39492571650079467,2,0.34909835508959297,0.11783710267713335,0.058918551338566674,0.17064693771646483,"{'1': {'mae': 0.3580669574572364, 'rmse': 0.39543625056854625, 'smape': 0.9141837271419012}, '2': {'mae': 0.35420938568623606, 'rmse': 0.3944151824330431, 'smape': 0.9554746189462726}}",0.03412938754329297,0.15000000000000002,0.07,0.06,0.015,0.0,0.0,0.005,0.0,0.0025,0.5946462939714525,"{'b0': 0.11700975636411222, 'b1': 1.5854512495261295, 'b2': -1.4058587445002513, 'gamma': 0.1116152846591899, 'rho': 9.699090210713612, 'alpha': 0.9766248790126795, 'S0': 0.9678782608280224, 'I0': 0.03212173917197759, 'R0': 0.0, 'fractional': 1.0}"
1,SEIR|fractional=0|obs=delayed_I|delay=3,SEIR,False,delayed_I,3,delayed,8,4,0.37522158358866553,0.35690914511517163,0.5189095709519231,0.40415685320455763,0.43225119072053547,0.9867294629061151,0.32039954931205955,0.3818310084859433,2,0.31015921264097013,0.1653718136492523,0.08268590682462615,0.207058059330829,"{'1': {'mae': 0.23836239264317532, 'rmse': 0.294493783148629, 'smape': 0.7034483274777361}, '2': {'mae': 0.4024367059809438, 'rmse': 0.4691682338232576, 'smape': 0.9813296856721099}}",0.0414116118661658,0.175,0.08,0.08,0.0,0.0,0.0,0.015,0.0,-0.005,0.604256731331762,"{'b0': 1.0002357161268565, 'b1': 1.9274374467024593, 'b2': -0.905349119072231, 'sigma': 0.9085808993889813, 'gamma': 0.10010682289258127, 'rho': 9.266248270830253, 'S0': 0.9451288160433824, 'E0': 0.030626065021220374, 'I0': 0.02424511893539732, 'R0': 0.0, 'fractional': 0.0}"
1,SEIHR|fractional=0|obs=H,SEIHR,False,H,0,hospitalized,11,5,0.5093931721779817,0.3788460641400291,0.530092835245241,0.371716991268349,0.4010966134111864,0.9470033521593597,0.31211134261881557,0.35346738696482305,2,0.3054800146187182,0.11095645733400669,0.055478228667003346,0.1658664258684821,"{'1': {'mae': 0.3144932104152046, 'rmse': 0.35417394555751824, 'smape': 0.8508851237759659}, '2': {'mae': 0.30972947482242646, 'rmse': 0.35276082837212785, 'smape': 0.8901309506588437}}",0.03317328517369642,0.21500000000000002,0.11,0.1,0.0,0.0,0.005,0.0,0.0,0.0,0.6091315284594181,"{'b0': 0.7366046221047577, 'b1': 1.993855245771147, 'b2': -1.384338573432585, 'sigma': 0.938726734780469, 'eta': 0.09432209634625395, 'gamma_i': 0.008641388834043376, 'gamma_h': 0.8456723203436792, 'rho': 86.1205483422306, 'S0': 0.9495966050583504, 'E0': 0.023322073773383897, 'I0': 0.017545943302570147, 'H0': 0.009535377865695444, 'R0': 0.0, 'fractional': 0.0}"
1,SEIR|fractional=1|obs=I,SEIR,True,I,0,infectious,9,4,0.4115341612810497,0.36941519957030555,0.5178074243945847,0.4254641791950117,0.45210023663618215,1.0125057607862453,0.3591719452806372,0.3984476692242276,2,0.3519587215594547,0.12051909321399872,0.06025954660699936,0.1724778043974244,"{'1': {'mae': 0.3602883985538953, 'rmse': 0.39837407185934987, 'smape': 0.9154686808085565}, '2': {'mae': 0.3580554920073791, 'rmse': 0.39852126658910536, 'smape': 0.9591471430255523}}",0.03449556087948488,0.185,0.09,0.08,0.015,0.0,0.0,0.0,0.0,-0.0025,0.629213829045939,"{'b0': 0.9597574457670949, 'b1': 1.9506719863348396, 'b2': -2.1247740574037772, 'sigma': 0.9253364573015076, 'gamma': 0.10795639003597006, 'rho': 9.673502499864453, 'alpha': 0.9845554490326698, 'S0': 0.959564023305085, 'E0': 0.020731548766907866, 'I0': 0.019704427928007157, 'R0': 0.0, 'fractional': 1.0}"
1,SEIHR|fractional=0|obs=I,SEIHR,False,I,0,infectious,11,5,0.43870282355911483,0.3715262697493555,0.5267082312168011,0.4142527778727434,0.4420124380034834,0.9984209555491115,0.33604295582608756,0.37853792422035804,2,0.3288752257092129,0.12156852251582925,0.060784261257914626,0.1741871288201798,"{'1': {'mae': 0.3398671644246657, 'rmse': 0.38025680993924843, 'smape': 0.8843630113055708}, '2': {'mae': 0.33221874722750944, 'rmse': 0.37681903850146764, 'smape': 0.9190022770724726}}",0.034837425764035965,0.21000000000000002,0.11,0.1,0.0,0.0,0.0,0.0,0.0,0.0,0.6344969127311635,"{'b0': 1.099365598614749, 'b1': 2.060324316532414, 'b2': -1.7565288666215035, 'sigma': 0.8907437071661785, 'eta': 0.09532324504591658, 'gamma_i': 0.0040079772202208964, 'gamma_h': 0.2649774747999796, 'rho': 11.90702109869619, 'S0': 0.7575592647112758, 'E0': 0.0148836547551252, 'I0': 0.012917103305254113, 'H0': 0.2146399772283449, 'R0': 0.0, 'fractional': 0.0}"
1,SEIHR|fractional=0|obs=I+H,SEIHR,False,I+H,0,joint,11,5,0.4588860129969898,0.3646126116447104,0.5112726464282603,0.48293163698979413,0.5077282664552542,1.0727842137411365,0.3251761112344706,0.3801250925866691,2,0.31575088505712584,0.1428138561053929,0.07140692805269645,0.1938958038929661,"{'1': {'mae': 0.342197058031963, 'rmse': 0.37963569964839367, 'smape': 0.8933539639087045}, '2': {'mae': 0.3081551644369782, 'rmse': 0.38061448552494453, 'smape': 0.8290747582349183}}",0.038779160778593225,0.21500000000000002,0.11,0.1,0.0,0.005,0.0,0.0,0.0,0.0,0.6409369738884155,"{'b0': 1.4039899265373708, 'b1': 2.1087781582638763, 'b2': -1.3220813868853043, 'sigma': 0.9438662340737631, 'eta': 0.2824666225003907, 'gamma_i': 0.22142506104808088, 'gamma_h': 0.0915876785808657, 'rho': 11.808580196730203, 'S0': 0.9559736495371254, 'E0': 0.010193550909096533, 'I0': 0.009481586430323386, 'H0': 0.024351213123454753, 'R0': 0.0, 'fractional': 0.0}"
1,SEIAR|fractional=0|obs=I,SEIAR,False,I,0,infectious,11,5,0.4424159299680904,0.36688176992102717,0.5167709259754523,0.414262059093251,0.44201944946891153,0.9984353318243109,0.3515375510695188,0.3916841878611387,2,0.3447294848275843,0.11862539606902932,0.05931269803451466,0.1727330064979449,"{'1': {'mae': 0.3572120538567015, 'rmse': 0.39747715041757026, 'smape': 0.9074660078913727}, '2': {'mae': 0.345863048282336, 'rmse': 0.38589122530470704, 'smape': 0.9457314021281361}}",0.03454660129958898,0.21000000000000002,0.11,0.1,0.0,0.0,0.0,0.0,0.0,0.0,0.648588784161688,"{'b0': 0.6128948059305804, 'b1': 2.4792011753359446, 'b2': -1.970653651797977, 'sigma': 0.9449750368864329, 'p_asym': 0.05543786357362844, 'gamma_i': 0.09932498596650773, 'gamma_a': 0.7116905888389946, 'rho': 10.676008210026685, 'S0': 0.8936779300330946, 'E0': 0.017468940188368046, 'I0': 0.015821782852355318, 'A0': 0.0730313469261821, 'R0': 0.0, 'fractional': 0.0}"
2,SEIRS|fractional=0|obs=delayed_I|delay=2,SEIRS,False,delayed_I,2,delayed,9,4,0.35275060919567236,0.3204397555408042,0.43645438952035115,0.150910854164056,0.18131412013195697,1.0439688305496924,0.3783725911427054,0.4214227719333844,2,0.37038343845602945,0.13596398653621863,0.06798199326810932,0.18552408378891438,"{'1': {'mae': 0.3806153566279914, 'rmse': 0.42221154703760466, 'smape': 0.9350159431126885}, '2': {'mae': 0.37612982565741937, 'rmse': 0.4206339968291642, 'smape': 0.9756552717732991}}",0.03710481675778288,0.19,0.09,0.08,0.0,0.0,0.0,0.01,0.01,-0.01,0.6554702484819217,"{'b0': -1.0316752332245427, 'b1': 2.612860128830404, 'b2': 1.3798405989410285, 'sigma': 0.9345212567056506, 'gamma': 0.38229523723362985, 'omega': 0.25497001533335906, 'rho': 16.607714826891648, 'S0': 0.9718848223961896, 'E0': 0.013648679065472997, 'I0': 0.014466498538337381, 'R0': 0.0, 'fractional': 0.0}"
3,SEIRS|fractional=1|obs=delayed_I|delay=2,SEIRS,True,delayed_I,2,delayed,10,4,0.396323040776858,0.34327716039165007,0.49118843669286033,0.14946014865947027,0.20890041669704815,0.508865635190042,0.31174839347920535,0.3729388228115369,2,0.29562646178077945,0.2610911388225528,0.1305455694112764,0.20463601172338872,"{'1': {'mae': 0.13554248578986466, 'rmse': 0.15974513435899312, 'smape': 0.7891523854352119}, '2': {'mae': 0.4879543011685461, 'rmse': 0.5861325112640806, 'smape': 1.0134258704903192}}",0.04092720234467775,0.21500000000000002,0.1,0.08,0.015,0.0,0.0,0.01,0.01,-0.0075,0.6745992335367336,"{'b0': -1.2313140454887366, 'b1': 2.4213957008073095, 'b2': 1.3898767700828303, 'sigma': 0.931717018231888, 'gamma': 0.2194687223439375, 'omega': 0.12574892279001645, 'rho': 12.621134430972809, 'alpha': 0.9805616421092708, 'S0': 0.968456693211706, 'E0': 0.01280531510875977, 'I0': 0.018737991679534226, 'R0': 0.0, 'fractional': 1.0}"
1,SEIR|fractional=0|obs=delayed_I|delay=1,SEIR,False,delayed_I,1,delayed,8,4,0.3970361558699029,0.361099608682144,0.5175950617347335,0.4058586586687093,0.4339006683191321,0.9887094447857983,0.39828221987986645,0.4916935848917515,2,0.3914290535041504,0.1818584565964767,0.09092922829823835,0.28186341316047253,"{'1': {'mae': 0.4526838951107416, 'rmse': 0.5994201248112624, 'smape': 0.9573319230875287}, '2': {'mae': 0.34388054464899137, 'rmse': 0.38396704497224066, 'smape': 0.9423224290069088}}",0.05637268263209451,0.165,0.08,0.08,0.0,0.0,0.0,0.005,0.0,-0.005,0.6987309644344833,"{'b0': 0.7687377184157244, 'b1': 2.10935505504513, 'b2': -1.5557720435078417, 'sigma': 0.9192573119146307, 'gamma': 0.09998993955089179, 'rho': 9.348965773833086, 'S0': 0.9581757357119737, 'E0': 0.021828438952421116, 'I0': 0.019995825335605046, 'R0': 0.0, 'fractional': 0.0}"
