round,repeat,record_key,spec_key,structure_name,fractional,observation_map,delay_weeks,observation_family,num_free_params,num_compartments,train_objective,train_mae,train_rmse,val_mae,val_rmse,val_smape,rolling_val_mean_mae,rolling_val_mean_rmse,multi_split_blocks,multi_split_val_mean_mae,multi_split_val_std_mae,multi_split_penalty,rolling_val_error_std,rolling_val_metrics,stability_penalty,complexity_penalty,complexity_penalty_params,complexity_penalty_compartments,complexity_penalty_fractional,complexity_penalty_observation,complexity_penalty_h_observation,complexity_penalty_delay,complexity_penalty_recurrence,age_prior_penalty,score_policy,score_formula,score,score_used_val_mae,score_used_multi_split,score_used_stability,score_used_complexity,score_used_age_prior,params
2,,SEIRS|fractional=1|obs=I,SEIRS|fractional=1|obs=I,SEIRS,True,I,0,infectious,10,4,0.7001439136140776,0.49639375389207757,0.6488559819657793,0.20966236488692727,0.2505838237685167,0.37369510989211585,0.21983510876500856,0.2609292832624714,3,0.21654671010455173,0.05242530969002171,0.026212654845010855,0.13887715640554985,"{'1': {'mae': 0.18714462853543332, 'rmse': 0.22935473810920406, 'smape': 0.3152012170398886}, '2': {'mae': 0.1835118671051057, 'rmse': 0.23022152266057827, 'smape': 0.3331749038517192}, '4': {'mae': 0.28884883065448663, 'rmse': 0.3232115890176318, 'smape': 0.6049268011153874}}",0.027775431281109972,0.20500000000000002,0.1,0.08,0.015,0.0,0.0,0.0,0.01,-0.0075,stability_aware,multi_split_mean_mae + multi_split_penalty + stability_penalty + complexity_penalty + age_prior_penalty,0.46803479623067257,False,True,True,True,True,"{'b0': -0.7816874879057938, 'b1': 4.674530231409232, 'b2': -0.1415880850101566, 'sigma': 0.969898072807059, 'gamma': 0.6071436093757213, 'omega': 0.12864795764909026, 'rho': 64.96459410601739, 'alpha': 0.8776077757261201, 'S0': 0.9767383953067142, 'E0': 0.005580408694846656, 'I0': 0.017681195998439037, 'R0': 0.0, 'fractional': 1.0}"
3,,SEIRS|fractional=1|obs=delayed_I|delay=2,SEIRS|fractional=1|obs=delayed_I|delay=2,SEIRS,True,delayed_I,2,delayed,10,4,0.7350144459758732,0.5057235001091758,0.6675113242548854,0.13646161901325563,0.17881096906295646,0.2263189669481084,0.26385916033659346,0.36302818015153676,3,0.2588776702403097,0.11692915209614274,0.05846457604807137,0.24319816821991877,"{'1': {'mae': 0.3507540681543337, 'rmse': 0.5581643209743518, 'smape': 0.431877764874472}, '2': {'mae': 0.20479635371593746, 'rmse': 0.2523273488311353, 'smape': 0.3887033280562512}, '4': {'mae': 0.23602705913950922, 'rmse': 0.2785928706491233, 'smape': 0.4754488262271986}}",0.04863963364398376,0.21500000000000002,0.1,0.08,0.015,0.0,0.0,0.01,0.01,-0.0075,stability_aware,multi_split_mean_mae + multi_split_penalty + stability_penalty + complexity_penalty + age_prior_penalty,0.573481879932365,False,True,True,True,True,"{'b0': -0.052119121195733746, 'b1': 4.316215973049519, 'b2': 0.7550990752697767, 'sigma': 0.988174061112446, 'gamma': 0.7689797627960471, 'omega': 0.11400663249658682, 'rho': 78.60750450471424, 'alpha': 0.8311991573658364, 'S0': 0.9862640092379202, 'E0': 0.0063720380133932735, 'I0': 0.0073639527486866205, 'R0': 0.0, 'fractional': 1.0}"
3,,SEIRS|fractional=1|obs=delayed_I|delay=1,SEIRS|fractional=1|obs=delayed_I|delay=1,SEIRS,True,delayed_I,1,delayed,10,4,0.6827932999167574,0.4789446391237906,0.6396406588892916,0.26267453408121316,0.29955651602724176,0.5001797386876856,0.29807816825564504,0.3894149479030795,3,0.29395278194412056,0.10398271572524473,0.051991357862622364,0.241923616770966,"{'1': {'mae': 0.37503093190318265, 'rmse': 0.570284655702123, 'smape': 0.5062414404945752}, '2': {'mae': 0.24440503620656825, 'rmse': 0.2862648236469956, 'smape': 0.48696823906392095}, '4': {'mae': 0.2747985366571843, 'rmse': 0.31169536436011996, 'smape': 0.5828802288828114}}",0.0483847233541932,0.21000000000000002,0.1,0.08,0.015,0.0,0.0,0.005,0.01,-0.0075,stability_aware,multi_split_mean_mae + multi_split_penalty + stability_penalty + complexity_penalty + age_prior_penalty,0.5968288631609362,False,True,True,True,True,"{'b0': -1.250093869303541, 'b1': 4.786375361264928, 'b2': 0.4713286985999441, 'sigma': 0.9836633784478047, 'gamma': 0.49504728168861317, 'omega': 0.13169458594199285, 'rho': 55.54050686197736, 'alpha': 0.910780351627249, 'S0': 0.9745802181047384, 'E0': 0.010843563212145146, 'I0': 0.014576218683116331, 'R0': 0.0, 'fractional': 1.0}"
3,,SEIRS|fractional=1|obs=delayed_I|delay=3,SEIRS|fractional=1|obs=delayed_I|delay=3,SEIRS,True,delayed_I,3,delayed,10,4,0.6751758992401018,0.4659007822921967,0.6322224052732347,0.25624798959492473,0.2941215949199892,0.48564759514388667,0.3032577879827399,0.3972379703872104,3,0.29458742233825735,0.10501949219763478,0.05250974609881739,0.25078189792443667,"{'1': {'mae': 0.24204811526594874, 'rmse': 0.2822099147207214, 'smape': 0.4443370225376987}, '2': {'mae': 0.2403590221909704, 'rmse': 0.2825181673305103, 'smape': 0.47512161474899567}, '4': {'mae': 0.4273662264913006, 'rmse': 0.6269858291103996, 'smape': 0.6185093470177855}}",0.050156379584887334,0.22000000000000003,0.1,0.08,0.015,0.0,0.0,0.015,0.01,-0.0075,stability_aware,multi_split_mean_mae + multi_split_penalty + stability_penalty + complexity_penalty + age_prior_penalty,0.6097535480219621,False,True,True,True,True,"{'b0': -1.3272208850262848, 'b1': 4.642841238024527, 'b2': 1.5751551668189956, 'sigma': 0.983333210809902, 'gamma': 0.4913581562124788, 'omega': 0.1299260902068632, 'rho': 55.097317827395194, 'alpha': 0.9099608432248192, 'S0': 0.9730239189830439, 'E0': 0.012391807986737943, 'I0': 0.014584273030218345, 'R0': 0.0, 'fractional': 1.0}"
1,,SEIR|fractional=0|obs=I,SEIR|fractional=0|obs=I,SEIR,False,I,0,infectious,8,4,1.8731278252991608,0.8838436958177279,1.296909132224258,0.437180870775281,0.5085368543129618,0.4549339757253602,0.3543839091426273,0.42518803625556173,3,0.3349867023218825,0.17596775053528024,0.08798387526764012,0.23476070499791246,"{'1': {'mae': 0.3978428380418544, 'rmse': 0.4746116142577943, 'smape': 0.4190319212720205}, '2': {'mae': 0.3581251827000499, 'rmse': 0.4241562789814659, 'smape': 0.41588493455878267}, '4': {'mae': 0.30718370668597755, 'rmse': 0.3767962155274248, 'smape': 0.4019387772852366}}",0.046952140999582496,0.16,0.08,0.08,0.0,0.0,0.0,0.0,0.0,0.0,stability_aware,multi_split_mean_mae + multi_split_penalty + stability_penalty + complexity_penalty + age_prior_penalty,0.6299227185891051,False,True,True,True,True,"{'b0': 1.327498268004457, 'b1': 2.012591171480433, 'b2': -2.6261155350176764, 'sigma': 0.9963413166338396, 'gamma': 0.11931420233334498, 'rho': 27.67058175266594, 'S0': 0.9674118640319443, 'E0': 0.014875325260480464, 'I0': 0.01771281070757528, 'R0': 0.0, 'fractional': 0.0}"
1,,SEIRS|fractional=0|obs=I,SEIRS|fractional=0|obs=I,SEIRS,False,I,0,infectious,9,4,0.8068637830928151,0.5666904212446526,0.7333352391301448,0.42356239800545453,0.44928295959893155,1.0277657263256301,0.4052296218294926,0.4327617285771865,3,0.41285048690060827,0.06019812887858253,0.030099064439291265,0.15188813163124223,"{'1': {'mae': 0.4031045294903507, 'rmse': 0.4305025817406756, 'smape': 0.950275158393217}, '2': {'mae': 0.4099492263047624, 'rmse': 0.4383892539586227, 'smape': 1.0317610979126006}, '4': {'mae': 0.4026351096933648, 'rmse': 0.42939335003226103, 'smape': 1.1445727416725422}}",0.03037762632624845,0.18,0.09,0.08,0.0,0.0,0.0,0.0,0.01,-0.005,stability_aware,multi_split_mean_mae + multi_split_penalty + stability_penalty + complexity_penalty + age_prior_penalty,0.648327177666148,False,True,True,True,True,"{'b0': -2.0978218561664326, 'b1': 4.996285905678401, 'b2': 0.29469641374178174, 'sigma': 0.9814393859468875, 'gamma': 0.30052570108841564, 'omega': 0.13871412200615932, 'rho': 39.6413264258676, 'S0': 0.9686697048950388, 'E0': 0.013969254620863741, 'I0': 0.01736104048409752, 'R0': 0.0, 'fractional': 0.0}"
1,,SEIR|fractional=0|obs=delayed_I|delay=1,SEIR|fractional=0|obs=delayed_I|delay=1,SEIR,False,delayed_I,1,delayed,8,4,1.8686726893210701,0.881721508870208,1.296695113416492,0.4373022210924196,0.5086524842417761,0.45503712562314635,0.3606565242140783,0.4367753930974367,3,0.3417025020723876,0.18505769331922517,0.09252884665961258,0.2462615699522905,"{'1': {'mae': 0.3979799205495115, 'rmse': 0.47474955883430664, 'smape': 0.41914648230846685}, '2': {'mae': 0.3827442763637558, 'rmse': 0.4671655486449359, 'smape': 0.4298559184856022}, '4': {'mae': 0.3012453757289677, 'rmse': 0.36841107181306737, 'smape': 0.3975966666511929}}",0.0492523139904581,0.165,0.08,0.08,0.0,0.0,0.0,0.005,0.0,0.0,stability_aware,multi_split_mean_mae + multi_split_penalty + stability_penalty + complexity_penalty + age_prior_penalty,0.6484836627224583,False,True,True,True,True,"{'b0': 1.423334151047283, 'b1': 2.2312397629455116, 'b2': -2.432967132201531, 'sigma': 0.9963467252663888, 'gamma': 0.1193095234513207, 'rho': 27.587844297446924, 'S0': 0.964266626505487, 'E0': 0.015449199489430904, 'I0': 0.020284174005082187, 'R0': 0.0, 'fractional': 0.0}"
1,,SEIR|fractional=0|obs=delayed_I|delay=2,SEIR|fractional=0|obs=delayed_I|delay=2,SEIR,False,delayed_I,2,delayed,8,4,1.8604651405813046,0.8684154447932041,1.2960106975878871,0.4376966227279673,0.5090256360462512,0.45537444960894524,0.3609725571802211,0.4371085985082859,3,0.3420092999199453,0.18519233700919419,0.09259616850459709,0.24638974251425658,"{'1': {'mae': 0.3983248035840428, 'rmse': 0.4751159586401668, 'smape': 0.41941341830015294}, '2': {'mae': 0.38308127076811066, 'rmse': 0.46752575919623207, 'smape': 0.43013055651712123}, '4': {'mae': 0.30151159718850984, 'rmse': 0.36868407768845884, 'smape': 0.3978541771471045}}",0.04927794850285132,0.17,0.08,0.08,0.0,0.0,0.0,0.01,0.0,0.0,stability_aware,multi_split_mean_mae + multi_split_penalty + stability_penalty + complexity_penalty + age_prior_penalty,0.6538834169273937,False,True,True,True,True,"{'b0': 1.5029129156624284, 'b1': 2.4389820366322423, 'b2': -2.2046190988060896, 'sigma': 0.9963357217237505, 'gamma': 0.11929241046481236, 'rho': 27.492829131465676, 'S0': 0.9588860858016793, 'E0': 0.01831203675432199, 'I0': 0.022801877443998666, 'R0': 0.0, 'fractional': 0.0}"
2,,SEIRS|fractional=0|obs=delayed_I|delay=2,SEIRS|fractional=0|obs=delayed_I|delay=2,SEIRS,False,delayed_I,2,delayed,9,4,0.8084879896921158,0.5505303021984684,0.7281549773233077,0.41852374847608437,0.44480280452121057,1.01228952921543,0.41469027163436456,0.4419377093468224,3,0.41915717710535616,0.043344390686056035,0.021672195343028017,0.15215883109224762,"{'1': {'mae': 0.39841277388478613, 'rmse': 0.4263979299048433, 'smape': 0.936793508729869}, '2': {'mae': 0.4019592586231705, 'rmse': 0.43339804781527114, 'smape': 1.012029011052181}, '4': {'mae': 0.44369878239513716, 'rmse': 0.4660171503203528, 'smape': 1.2125537706039309}}",0.030431766218449525,0.19,0.09,0.08,0.0,0.0,0.0,0.01,0.01,-0.005,stability_aware,multi_split_mean_mae + multi_split_penalty + stability_penalty + complexity_penalty + age_prior_penalty,0.6562611386668337,False,True,True,True,True,"{'b0': -2.2307262030141426, 'b1': 4.965333959688773, 'b2': 1.4434411824520388, 'sigma': 0.9797712136601558, 'gamma': 0.2968528152062478, 'omega': 0.13594146146925917, 'rho': 39.330393253404196, 'S0': 0.9686355876054404, 'E0': 0.013727996269725606, 'I0': 0.017636416124834034, 'R0': 0.0, 'fractional': 0.0}"
2,,SEIRS|fractional=0|obs=delayed_I|delay=3,SEIRS|fractional=0|obs=delayed_I|delay=3,SEIRS,False,delayed_I,3,delayed,9,4,0.7869090307322291,0.535252625750339,0.712031724744617,0.4222829154697571,0.447968153060361,1.0213627233996292,0.4199333813265988,0.4461994770922551,3,0.42397906954883335,0.03982145231694745,0.019910726158473724,0.150479855201507,"{'1': {'mae': 0.40216432762249144, 'rmse': 0.42957292542310194, 'smape': 0.9458533812209973}, '2': {'mae': 0.4085459963799927, 'rmse': 0.4370135175910741, 'smape': 1.0260895716823804}, '4': {'mae': 0.44908981997731207, 'rmse': 0.4720119882625892, 'smape': 1.2285072496774472}}",0.0300959710403014,0.195,0.09,0.08,0.0,0.0,0.0,0.015,0.01,-0.005,stability_aware,multi_split_mean_mae + multi_split_penalty + stability_penalty + complexity_penalty + age_prior_penalty,0.6639857667476085,False,True,True,True,True,"{'b0': -2.3303986976808977, 'b1': 4.894351131150934, 'b2': 2.0066817695670918, 'sigma': 0.9855685345831271, 'gamma': 0.2969024838690822, 'omega': 0.13516366853948777, 'rho': 39.29300905901507, 'S0': 0.9629405838636937, 'E0': 0.021307923785548535, 'I0': 0.015751492350757634, 'R0': 0.0, 'fractional': 0.0}"
1,,SEIHR|fractional=0|obs=I,SEIHR|fractional=0|obs=I,SEIHR,False,I,0,infectious,11,5,1.9006537252630002,0.8876047382616387,1.2974481230144594,0.4392724174569157,0.5104930721535667,0.4567400121331936,0.3626249345289983,0.43891810721717855,3,0.34358429498555687,0.1859991457798819,0.09299957288994096,0.24717834910306993,"{'1': {'mae': 0.399831767970627, 'rmse': 0.47672206365919456, 'smape': 0.4206235579278972}, '2': {'mae': 0.3848228021796039, 'rmse': 0.4694301398454911, 'smape': 0.43152603901807585}, '4': {'mae': 0.3032202334367641, 'rmse': 0.37060211814685007, 'smape': 0.399363169513174}}",0.04943566982061399,0.21000000000000002,0.11,0.1,0.0,0.0,0.0,0.0,0.0,0.0,stability_aware,multi_split_mean_mae + multi_split_penalty + stability_penalty + complexity_penalty + age_prior_penalty,0.6960195376961118,False,True,True,True,True,"{'b0': 1.5294246522756696, 'b1': 2.1565937216972326, 'b2': -2.7543741277664786, 'sigma': 0.9958941908960077, 'eta': 0.05966306182646552, 'gamma_i': 0.05954406056112628, 'gamma_h': 0.3579622848203222, 'rho': 30.798533866396472, 'S0': 0.8682355272096726, 'E0': 0.01349562503041074, 'I0': 0.01590503134302487, 'H0': 0.1023638164168917, 'R0': 0.0, 'fractional': 0.0}"
1,,SEIAR|fractional=0|obs=I,SEIAR|fractional=0|obs=I,SEIAR,False,I,0,infectious,11,5,1.9165974312984668,0.8864169958251308,1.2968397328079537,0.4387469642452313,0.5100110314444479,0.45627898308195763,0.364068332590837,0.4419656054515508,3,0.34489450990438286,0.1885613435040508,0.0942806717520254,0.2504202925198488,"{'1': {'mae': 0.398944190933207, 'rmse': 0.47579688841035256, 'smape': 0.41988253955536364}, '2': {'mae': 0.38872979904997385, 'rmse': 0.4780055686758737, 'smape': 0.43314393401972917}, '4': {'mae': 0.3045310077893303, 'rmse': 0.3720943592684261, 'smape': 0.4001580338826884}}",0.05008405850396977,0.21000000000000002,0.11,0.1,0.0,0.0,0.0,0.0,0.0,0.0,stability_aware,multi_split_mean_mae + multi_split_penalty + stability_penalty + complexity_penalty + age_prior_penalty,0.6992592401603781,False,True,True,True,True,"{'b0': 1.172917354436115, 'b1': 2.4205675049250863, 'b2': -2.6615214456779697, 'sigma': 0.996469972427998, 'p_asym': 0.03547787686207613, 'gamma_i': 0.11924078711625381, 'gamma_a': 0.5951474772798434, 'rho': 30.206963091063272, 'S0': 0.9213097652029202, 'E0': 0.01277577540728269, 'I0': 0.015464280927593202, 'A0': 0.05045017846220403, 'R0': 0.0, 'fractional': 0.0}"
1,,SEIHR|fractional=0|obs=H,SEIHR|fractional=0|obs=H,SEIHR,False,H,0,hospitalized,11,5,1.847804244473284,0.8630748494646201,1.194705417132031,0.4806214043349688,0.5494659749500355,0.49154187322555065,0.38107691031078,0.4590318743748945,3,0.361748177683473,0.1971228777278692,0.0985614388639346,0.25579293612368137,"{'1': {'mae': 0.4305589175842496, 'rmse': 0.5113817733414878, 'smape': 0.44262671616027227}, '2': {'mae': 0.4087416593725274, 'rmse': 0.4948113444695042, 'smape': 0.4505280526957038}, '4': {'mae': 0.30393015397556306, 'rmse': 0.3709025053136915, 'smape': 0.40116353099064145}}",0.05115858722473628,0.21500000000000002,0.11,0.1,0.0,0.0,0.005,0.0,0.0,0.0,stability_aware,multi_split_mean_mae + multi_split_penalty + stability_penalty + complexity_penalty + age_prior_penalty,0.7264682037721439,False,True,True,True,True,"{'b0': 4.722552767004873, 'b1': 3.4787666508321395, 'b2': -3.6451921023278184, 'sigma': 0.9961522061571005, 'eta': 0.8915939710064634, 'gamma_i': 0.4536961508663704, 'gamma_h': 0.11719955477336036, 'rho': 41.11134191029052, 'S0': 0.9677650531447791, 'E0': 0.009976299830457152, 'I0': 0.007679957881767817, 'H0': 0.014578689142995939, 'R0': 0.0, 'fractional': 0.0}"
2,,SEIRS|fractional=0|obs=delayed_I|delay=1,SEIRS|fractional=0|obs=delayed_I|delay=1,SEIRS,False,delayed_I,1,delayed,9,4,0.80742036830292,0.5593034094658457,0.7296184280723926,0.42293310707302945,0.4486793152768072,1.025224380008237,0.46689865851579543,0.5389654503217084,3,0.4632330975415816,0.09970694941861932,0.04985347470930966,0.25136221691548294,"{'1': {'mae': 0.5414061224030504, 'rmse': 0.7062701455416087, 'smape': 0.9894378235406972}, '2': {'mae': 0.4091880237609743, 'rmse': 0.43767609791808987, 'smape': 1.0288590941451983}, '4': {'mae': 0.45010182938336146, 'rmse': 0.47295010750542643, 'smape': 1.232965644021725}}",0.05027244338309659,0.185,0.09,0.08,0.0,0.0,0.0,0.005,0.01,-0.005,stability_aware,multi_split_mean_mae + multi_split_penalty + stability_penalty + complexity_penalty + age_prior_penalty,0.7433590156339879,False,True,True,True,True,"{'b0': -2.1628224303933936, 'b1': 5.010048658681347, 'b2': 0.8617235617436295, 'sigma': 0.9825068165124162, 'gamma': 0.2993764376900609, 'omega': 0.13761222239699644, 'rho': 39.5387653624125, 'S0': 0.9696012089040467, 'E0': 0.013593529874509023, 'I0': 0.0168052612214444, 'R0': 0.0, 'fractional': 0.0}"
1,,SEIR|fractional=0|obs=delayed_I|delay=3,SEIR|fractional=0|obs=delayed_I|delay=3,SEIR,False,delayed_I,3,delayed,8,4,1.8439125195185722,0.8628954571963393,1.2927282144721948,0.43678470675467873,0.5081695244395081,0.4545889344898292,0.44758801082149535,0.6167337643692016,3,0.40951321670297575,0.30497541614580065,0.15248770807290032,0.4136912849806791,"{'1': {'mae': 0.39771520516293446, 'rmse': 0.47442803137782696, 'smape': 0.41896759859821264}, '2': {'mae': 0.3856207365117264, 'rmse': 0.47290934018258884, 'smape': 0.43125017456002346}, '4': {'mae': 0.5594280907898252, 'rmse': 0.9028639215471888, 'smape': 0.5020993509868011}}",0.08273825699613582,0.175,0.08,0.08,0.0,0.0,0.0,0.015,0.0,0.0,stability_aware,multi_split_mean_mae + multi_split_penalty + stability_penalty + complexity_penalty + age_prior_penalty,0.8197391817720119,False,True,True,True,True,"{'b0': 1.4672522218041588, 'b1': 2.7416474293528577, 'b2': -1.9152166560405697, 'sigma': 0.9963648481489855, 'gamma': 0.11933670183747572, 'rho': 27.41091631567469, 'S0': 0.9469643451893133, 'E0': 0.029071194475039506, 'I0': 0.02396446033564724, 'R0': 0.0, 'fractional': 0.0}"
1,,SIR|fractional=0|obs=I,SIR|fractional=0|obs=I,SIR,False,I,0,infectious,6,3,1.7556523038504377,0.9020576783333251,1.2738799926812654,0.4532715440073166,0.5236928510234201,0.4686591712218949,0.4836052180274593,0.7439326671446885,3,0.4641252292530999,0.4459044685853037,0.22295223429265185,0.5449634536803755,"{'1': {'mae': 0.409326865714022, 'rmse': 0.4872944114733048, 'smape': 0.4276231281251075}, '2': {'mae': 0.7303709443024101, 'rmse': 1.3649884455216583, 'smape': 0.515937935572118}, '4': {'mae': 0.31111784406594584, 'rmse': 0.37951514443910267, 'smape': 0.4064142680074045}}",0.10899269073607509,0.12,0.06,0.06,0.0,0.0,0.0,0.0,0.0,0.005,stability_aware,multi_split_mean_mae + multi_split_penalty + stability_penalty + complexity_penalty + age_prior_penalty,0.9210701542818268,False,True,True,True,True,"{'b0': 1.6513330240160695, 'b1': 0.5132536174760969, 'b2': -2.9823298124207187, 'gamma': 0.11855237303299322, 'rho': 27.55060309317251, 'S0': 0.9728317186782046, 'I0': 0.027168281321795357, 'R0': 0.0, 'fractional': 0.0}"
2,,SEIHR|fractional=1|obs=I,SEIHR|fractional=1|obs=I,SEIHR,True,I,0,infectious,12,5,1.3377684774181053,0.8312749542640422,1.0036906895494733,0.7197117371380202,0.801854677450861,0.6526117276893906,0.6603883495438004,0.8073694178451182,3,0.6250673398961376,0.39243777794334317,0.19621888897167158,0.4601089387574702,"{'1': {'mae': 0.8354762538924009, 'rmse': 0.9806893675189989, 'smape': 0.6966466745669917}, '2': {'mae': 0.633712719005482, 'rmse': 0.8404193528829623, 'smape': 0.5735987101846644}, '4': {'mae': 0.5119760757335184, 'rmse': 0.6009995331333932, 'smape': 0.5729786111543491}}",0.09202178775149406,0.235,0.12,0.1,0.015,0.0,0.0,0.0,0.0,-0.0025,stability_aware,multi_split_mean_mae + multi_split_penalty + stability_penalty + complexity_penalty + age_prior_penalty,1.1458080166193034,False,True,True,True,True,"{'b0': 1.5717282320278467, 'b1': 3.1801326507729724, 'b2': -0.9993872394241293, 'sigma': 0.994527855811285, 'eta': 0.22669118837787655, 'gamma_i': 0.3998409836108195, 'gamma_h': 0.2997184460036306, 'rho': 72.81236414973435, 'alpha': 0.7311760849161523, 'S0': 0.9636865372077952, 'E0': 0.0022676169708628026, 'I0': 0.002945743513849299, 'H0': 0.03110010230749289, 'R0': 0.0, 'fractional': 1.0}"
1,,SEIR|fractional=1|obs=I,SEIR|fractional=1|obs=I,SEIR,True,I,0,infectious,9,4,1.256913625300533,0.7753032884768932,0.9581985183974245,0.581067301190167,0.6390201983840222,0.5750177825448288,0.7008991392732079,0.864865850702102,3,0.6619819005881795,0.4260993229193114,0.2130496614596557,0.4998804343523528,"{'1': {'mae': 0.7573707772062718, 'rmse': 0.9949312577769215, 'smape': 0.6082938438166472}, '2': {'mae': 0.7258983015826099, 'rmse': 0.9058311885940872, 'smape': 0.6335780336776397}, '4': {'mae': 0.6194283390307423, 'rmse': 0.6938351057352973, 'smape': 0.6627808693514069}}",0.09997608687047056,0.185,0.09,0.08,0.015,0.0,0.0,0.0,0.0,-0.0025,stability_aware,multi_split_mean_mae + multi_split_penalty + stability_penalty + complexity_penalty + age_prior_penalty,1.1575076489183058,False,True,True,True,True,"{'b0': 0.16250699633735805, 'b1': 5.315942496631413, 'b2': -1.920728218759116, 'sigma': 0.9920463165752682, 'gamma': 0.5742085904893601, 'rho': 64.71016813596806, 'alpha': 0.7285547969066035, 'S0': 0.9718700371418154, 'E0': 0.0048176674035298244, 'I0': 0.023312295454654706, 'R0': 0.0, 'fractional': 1.0}"
2,,SEIR|fractional=1|obs=delayed_I|delay=2,SEIR|fractional=1|obs=delayed_I|delay=2,SEIR,True,delayed_I,2,delayed,9,4,1.3747410577246484,0.7777676001062601,1.0106101779395842,0.46311840664031656,0.5376763146362407,0.4738334523619496,0.7544387436308305,0.9202242540293722,3,0.7049259422669291,0.41561353598863654,0.20780676799431827,0.5230790565455368,"{'1': {'mae': 0.8070228875160808, 'rmse': 0.9913225854141786, 'smape': 0.653576222304261}, '2': {'mae': 0.7495642872249363, 'rmse': 0.8593208012383049, 'smape': 0.682191763675566}, '4': {'mae': 0.7067290561514741, 'rmse': 0.9100293754356331, 'smape': 0.6548416862520441}}",0.10461581130910735,0.195,0.09,0.08,0.015,0.0,0.0,0.01,0.0,-0.0025,stability_aware,multi_split_mean_mae + multi_split_penalty + stability_penalty + complexity_penalty + age_prior_penalty,1.2098485215703547,False,True,True,True,True,"{'b0': 1.8004987718645455, 'b1': 5.107226915773956, 'b2': -0.29239813153136707, 'sigma': 0.6560594786465525, 'gamma': 0.9987678308066769, 'rho': 115.07591818075738, 'alpha': 0.7360642046843194, 'S0': 0.9865293581817725, 'E0': 0.008619731163738152, 'I0': 0.004850910654489232, 'R0': 0.0, 'fractional': 1.0}"
1,,SEIHR|fractional=0|obs=I+H,SEIHR|fractional=0|obs=I+H,SEIHR,False,I+H,0,joint,11,5,1.0094987857247602,0.622329280813236,0.8296616703927083,1.0859809485004934,1.1355697820727517,0.8689107296753875,0.8003462572068148,0.8828615021190828,3,0.7703832075027496,0.3036483964366887,0.15182419821834434,0.3723612224815002,"{'1': {'mae': 0.7988632174267599, 'rmse': 0.8789237787012097, 'smape': 0.7074830278073204}, '2': {'mae': 0.841839875002721, 'rmse': 0.9384481942280296, 'smape': 0.7547995845559069}, '4': {'mae': 0.7603356791909638, 'rmse': 0.8312125334280085, 'smape': 0.7592357274481181}}",0.07447224449630005,0.21500000000000002,0.11,0.1,0.0,0.005,0.0,0.0,0.0,0.0,stability_aware,multi_split_mean_mae + multi_split_penalty + stability_penalty + complexity_penalty + age_prior_penalty,1.211679650217394,False,True,True,True,True,"{'b0': 2.9335239965434416, 'b1': 2.719363232324061, 'b2': -2.2371546138317444, 'sigma': 0.9767718053894735, 'eta': 0.3029240110425905, 'gamma_i': 0.7959482947186688, 'gamma_h': 0.09206338065717994, 'rho': 62.6152434135175, 'S0': 0.9799510779429295, 'E0': 0.006298615159335456, 'I0': 0.0063657758288680425, 'H0': 0.007384531068867059, 'R0': 0.0, 'fractional': 0.0}"
2,,SEIR|fractional=1|obs=delayed_I|delay=1,SEIR|fractional=1|obs=delayed_I|delay=1,SEIR,True,delayed_I,1,delayed,9,4,1.2569942740982538,0.7787136698527679,0.991578513176368,0.9856200160054026,1.1072617610939421,0.7816086783840395,0.7636881243926985,0.9354455283081969,3,0.7189491223803033,0.4480894889288919,0.22404474446444594,0.539110781487101,"{'1': {'mae': 0.9545507685725212, 'rmse': 1.1353017717452005, 'smape': 0.7216385745708267}, '2': {'mae': 0.7036770462138183, 'rmse': 0.8703678120728037, 'smape': 0.6255912538505155}, '4': {'mae': 0.6328365583917562, 'rmse': 0.8006670011065867, 'smape': 0.6256907182538594}}",0.1078221562974202,0.19,0.09,0.08,0.015,0.0,0.0,0.005,0.0,-0.0025,stability_aware,multi_split_mean_mae + multi_split_penalty + stability_penalty + complexity_penalty + age_prior_penalty,1.2383160231421695,False,True,True,True,True,"{'b0': 2.2120893590706343, 'b1': 3.6496059724613725, 'b2': -2.5909269000567323, 'sigma': 0.9957699862645056, 'gamma': 0.6746368387851438, 'rho': 75.68506783404068, 'alpha': 0.7478866384643333, 'S0': 0.9750240930100031, 'E0': 0.008629145513378718, 'I0': 0.01634676147661814, 'R0': 0.0, 'fractional': 1.0}"
