series_name,season,YEAR,YEAR.1,WEEK,t,CATCHMENT,AGE CATEGORY,SEX CATEGORY,RACE CATEGORY,VIRUS TYPE CATEGORY,WEEKLY RATE,CUMULATIVE RATE
2018-19 / Overall,2018-19,2018-19,2018,40,0,Entire Network,Overall,Overall,Overall,Overall,0.1,0.0
2018-19 / Overall,2018-19,2018-19,2018,41,1,Entire Network,Overall,Overall,Overall,Overall,0.1,0.0
2018-19 / Overall,2018-19,2018-19,2018,42,2,Entire Network,Overall,Overall,Overall,Overall,0.1,0.0
2018-19 / Overall,2018-19,2018-19,2018,43,3,Entire Network,Overall,Overall,Overall,Overall,0.1,0.0
2018-19 / Overall,2018-19,2018-19,2018,44,4,Entire Network,Overall,Overall,Overall,Overall,0.2,1.0
2018-19 / Overall,2018-19,2018-19,2018,45,5,Entire Network,Overall,Overall,Overall,Overall,0.2,1.0
2018-19 / Overall,2018-19,2018-19,2018,46,6,Entire Network,Overall,Overall,Overall,Overall,0.2,1.0
2018-19 / Overall,2018-19,2018-19,2018,47,7,Entire Network,Overall,Overall,Overall,Overall,0.3,1.0
2018-19 / Overall,2018-19,2018-19,2018,48,8,Entire Network,Overall,Overall,Overall,Overall,0.6,2.0
2018-19 / Overall,2018-19,2018-19,2018,49,9,Entire Network,Overall,Overall,Overall,Overall,0.7,3.0
2018-19 / Overall,2018-19,2018-19,2018,50,10,Entire Network,Overall,Overall,Overall,Overall,1.2,4.0
2018-19 / Overall,2018-19,2018-19,2018,51,11,Entire Network,Overall,Overall,Overall,Overall,1.9,6.0
2018-19 / Overall,2018-19,2018-19,2018,52,12,Entire Network,Overall,Overall,Overall,Overall,2.9,9.0
2018-19 / Overall,2018-19,2018-19,2019,1,13,Entire Network,Overall,Overall,Overall,Overall,3.0,12.0
2018-19 / Overall,2018-19,2018-19,2019,2,14,Entire Network,Overall,Overall,Overall,Overall,2.5,14.0
2018-19 / Overall,2018-19,2018-19,2019,3,15,Entire Network,Overall,Overall,Overall,Overall,2.1,16.0
2018-19 / Overall,2018-19,2018-19,2019,4,16,Entire Network,Overall,Overall,Overall,Overall,2.3,19.0
2018-19 / Overall,2018-19,2018-19,2019,5,17,Entire Network,Overall,Overall,Overall,Overall,3.0,22.0
2018-19 / Overall,2018-19,2018-19,2019,6,18,Entire Network,Overall,Overall,Overall,Overall,3.5,25.0
2018-19 / Overall,2018-19,2018-19,2019,7,19,Entire Network,Overall,Overall,Overall,Overall,3.8,29.0
2018-19 / Overall,2018-19,2018-19,2019,8,20,Entire Network,Overall,Overall,Overall,Overall,4.6,34.0
2018-19 / Overall,2018-19,2018-19,2019,9,21,Entire Network,Overall,Overall,Overall,Overall,4.6,38.0
2018-19 / Overall,2018-19,2018-19,2019,10,22,Entire Network,Overall,Overall,Overall,Overall,5.2,43.0
2018-19 / Overall,2018-19,2018-19,2019,11,23,Entire Network,Overall,Overall,Overall,Overall,5.5,49.0
2018-19 / Overall,2018-19,2018-19,2019,12,24,Entire Network,Overall,Overall,Overall,Overall,4.8,54.0
2018-19 / Overall,2018-19,2018-19,2019,13,25,Entire Network,Overall,Overall,Overall,Overall,3.6,57.0
2018-19 / Overall,2018-19,2018-19,2019,14,26,Entire Network,Overall,Overall,Overall,Overall,2.7,60.0
2018-19 / Overall,2018-19,2018-19,2019,15,27,Entire Network,Overall,Overall,Overall,Overall,1.8,62.0
2018-19 / Overall,2018-19,2018-19,2019,16,28,Entire Network,Overall,Overall,Overall,Overall,1.1,63.0
2018-19 / Overall,2018-19,2018-19,2019,17,29,Entire Network,Overall,Overall,Overall,Overall,0.6,63.0
2018-19 / Overall,2018-19,2018-19,2019,18,30,Entire Network,Overall,Overall,Overall,Overall,0.2,64.0
2018-19 / 0-4 yr,2018-19,2018-19,2018,40,0,Entire Network,0-4 yr,Overall,Overall,Overall,0.1,0.0
2018-19 / 0-4 yr,2018-19,2018-19,2018,41,1,Entire Network,0-4 yr,Overall,Overall,Overall,0.2,0.0
2018-19 / 0-4 yr,2018-19,2018-19,2018,42,2,Entire Network,0-4 yr,Overall,Overall,Overall,0.1,0.0
2018-19 / 0-4 yr,2018-19,2018-19,2018,43,3,Entire Network,0-4 yr,Overall,Overall,Overall,0.2,1.0
2018-19 / 0-4 yr,2018-19,2018-19,2018,44,4,Entire Network,0-4 yr,Overall,Overall,Overall,0.5,1.0
2018-19 / 0-4 yr,2018-19,2018-19,2018,45,5,Entire Network,0-4 yr,Overall,Overall,Overall,0.4,1.0
2018-19 / 0-4 yr,2018-19,2018-19,2018,46,6,Entire Network,0-4 yr,Overall,Overall,Overall,0.3,2.0
2018-19 / 0-4 yr,2018-19,2018-19,2018,47,7,Entire Network,0-4 yr,Overall,Overall,Overall,0.6,2.0
2018-19 / 0-4 yr,2018-19,2018-19,2018,48,8,Entire Network,0-4 yr,Overall,Overall,Overall,1.3,4.0
2018-19 / 0-4 yr,2018-19,2018-19,2018,49,9,Entire Network,0-4 yr,Overall,Overall,Overall,1.9,6.0
2018-19 / 0-4 yr,2018-19,2018-19,2018,50,10,Entire Network,0-4 yr,Overall,Overall,Overall,3.0,9.0
2018-19 / 0-4 yr,2018-19,2018-19,2018,51,11,Entire Network,0-4 yr,Overall,Overall,Overall,3.8,12.0
2018-19 / 0-4 yr,2018-19,2018-19,2018,52,12,Entire Network,0-4 yr,Overall,Overall,Overall,5.4,18.0
2018-19 / 0-4 yr,2018-19,2018-19,2019,1,13,Entire Network,0-4 yr,Overall,Overall,Overall,3.9,22.0
2018-19 / 0-4 yr,2018-19,2018-19,2019,2,14,Entire Network,0-4 yr,Overall,Overall,Overall,3.2,25.0
2018-19 / 0-4 yr,2018-19,2018-19,2019,3,15,Entire Network,0-4 yr,Overall,Overall,Overall,2.5,27.0
2018-19 / 0-4 yr,2018-19,2018-19,2019,4,16,Entire Network,0-4 yr,Overall,Overall,Overall,3.1,31.0
2018-19 / 0-4 yr,2018-19,2018-19,2019,5,17,Entire Network,0-4 yr,Overall,Overall,Overall,4.1,35.0
2018-19 / 0-4 yr,2018-19,2018-19,2019,6,18,Entire Network,0-4 yr,Overall,Overall,Overall,3.1,38.0
2018-19 / 0-4 yr,2018-19,2018-19,2019,7,19,Entire Network,0-4 yr,Overall,Overall,Overall,4.0,42.0
2018-19 / 0-4 yr,2018-19,2018-19,2019,8,20,Entire Network,0-4 yr,Overall,Overall,Overall,4.6,46.0
2018-19 / 0-4 yr,2018-19,2018-19,2019,9,21,Entire Network,0-4 yr,Overall,Overall,Overall,3.9,50.0
2018-19 / 0-4 yr,2018-19,2018-19,2019,10,22,Entire Network,0-4 yr,Overall,Overall,Overall,4.7,55.0
2018-19 / 0-4 yr,2018-19,2018-19,2019,11,23,Entire Network,0-4 yr,Overall,Overall,Overall,4.3,59.0
2018-19 / 0-4 yr,2018-19,2018-19,2019,12,24,Entire Network,0-4 yr,Overall,Overall,Overall,3.4,63.0
2018-19 / 0-4 yr,2018-19,2018-19,2019,13,25,Entire Network,0-4 yr,Overall,Overall,Overall,2.7,65.0
2018-19 / 0-4 yr,2018-19,2018-19,2019,14,26,Entire Network,0-4 yr,Overall,Overall,Overall,2.3,68.0
2018-19 / 0-4 yr,2018-19,2018-19,2019,15,27,Entire Network,0-4 yr,Overall,Overall,Overall,1.3,69.0
2018-19 / 0-4 yr,2018-19,2018-19,2019,16,28,Entire Network,0-4 yr,Overall,Overall,Overall,0.9,70.0
2018-19 / 0-4 yr,2018-19,2018-19,2019,17,29,Entire Network,0-4 yr,Overall,Overall,Overall,0.7,71.0
2018-19 / 0-4 yr,2018-19,2018-19,2019,18,30,Entire Network,0-4 yr,Overall,Overall,Overall,0.3,71.0
2018-19 / >= 65 yr,2018-19,2018-19,2018,40,0,Entire Network,>= 65 yr,Overall,Overall,Overall,0.2,0.0
2018-19 / >= 65 yr,2018-19,2018-19,2018,41,1,Entire Network,>= 65 yr,Overall,Overall,Overall,0.3,1.0
2018-19 / >= 65 yr,2018-19,2018-19,2018,42,2,Entire Network,>= 65 yr,Overall,Overall,Overall,0.3,1.0
2018-19 / >= 65 yr,2018-19,2018-19,2018,43,3,Entire Network,>= 65 yr,Overall,Overall,Overall,0.3,1.0
2018-19 / >= 65 yr,2018-19,2018-19,2018,44,4,Entire Network,>= 65 yr,Overall,Overall,Overall,0.5,2.0
2018-19 / >= 65 yr,2018-19,2018-19,2018,45,5,Entire Network,>= 65 yr,Overall,Overall,Overall,0.5,2.0
2018-19 / >= 65 yr,2018-19,2018-19,2018,46,6,Entire Network,>= 65 yr,Overall,Overall,Overall,0.5,3.0
2018-19 / >= 65 yr,2018-19,2018-19,2018,47,7,Entire Network,>= 65 yr,Overall,Overall,Overall,0.8,3.0
2018-19 / >= 65 yr,2018-19,2018-19,2018,48,8,Entire Network,>= 65 yr,Overall,Overall,Overall,1.4,5.0
2018-19 / >= 65 yr,2018-19,2018-19,2018,49,9,Entire Network,>= 65 yr,Overall,Overall,Overall,1.6,6.0
2018-19 / >= 65 yr,2018-19,2018-19,2018,50,10,Entire Network,>= 65 yr,Overall,Overall,Overall,2.4,9.0
2018-19 / >= 65 yr,2018-19,2018-19,2018,51,11,Entire Network,>= 65 yr,Overall,Overall,Overall,4.3,13.0
2018-19 / >= 65 yr,2018-19,2018-19,2018,52,12,Entire Network,>= 65 yr,Overall,Overall,Overall,7.7,21.0
2018-19 / >= 65 yr,2018-19,2018-19,2019,1,13,Entire Network,>= 65 yr,Overall,Overall,Overall,8.9,30.0
2018-19 / >= 65 yr,2018-19,2018-19,2019,2,14,Entire Network,>= 65 yr,Overall,Overall,Overall,6.9,37.0
2018-19 / >= 65 yr,2018-19,2018-19,2019,3,15,Entire Network,>= 65 yr,Overall,Overall,Overall,5.5,42.0
2018-19 / >= 65 yr,2018-19,2018-19,2019,4,16,Entire Network,>= 65 yr,Overall,Overall,Overall,6.1,48.0
2018-19 / >= 65 yr,2018-19,2018-19,2019,5,17,Entire Network,>= 65 yr,Overall,Overall,Overall,8.5,57.0
2018-19 / >= 65 yr,2018-19,2018-19,2019,6,18,Entire Network,>= 65 yr,Overall,Overall,Overall,11.0,68.0
2018-19 / >= 65 yr,2018-19,2018-19,2019,7,19,Entire Network,>= 65 yr,Overall,Overall,Overall,12.5,80.0
2018-19 / >= 65 yr,2018-19,2018-19,2019,8,20,Entire Network,>= 65 yr,Overall,Overall,Overall,15.7,96.0
2018-19 / >= 65 yr,2018-19,2018-19,2019,9,21,Entire Network,>= 65 yr,Overall,Overall,Overall,16.9,113.0
2018-19 / >= 65 yr,2018-19,2018-19,2019,10,22,Entire Network,>= 65 yr,Overall,Overall,Overall,19.2,132.0
2018-19 / >= 65 yr,2018-19,2018-19,2019,11,23,Entire Network,>= 65 yr,Overall,Overall,Overall,21.1,153.0
2018-19 / >= 65 yr,2018-19,2018-19,2019,12,24,Entire Network,>= 65 yr,Overall,Overall,Overall,18.7,172.0
2018-19 / >= 65 yr,2018-19,2018-19,2019,13,25,Entire Network,>= 65 yr,Overall,Overall,Overall,14.2,186.0
2018-19 / >= 65 yr,2018-19,2018-19,2019,14,26,Entire Network,>= 65 yr,Overall,Overall,Overall,11.1,197.0
2018-19 / >= 65 yr,2018-19,2018-19,2019,15,27,Entire Network,>= 65 yr,Overall,Overall,Overall,7.4,205.0
2018-19 / >= 65 yr,2018-19,2018-19,2019,16,28,Entire Network,>= 65 yr,Overall,Overall,Overall,4.2,209.0
2018-19 / >= 65 yr,2018-19,2018-19,2019,17,29,Entire Network,>= 65 yr,Overall,Overall,Overall,2.4,211.0
2018-19 / >= 65 yr,2018-19,2018-19,2019,18,30,Entire Network,>= 65 yr,Overall,Overall,Overall,0.8,212.0
2019-20 / Overall,2019-20,2019-20,2019,40,0,Entire Network,Overall,Overall,Overall,Overall,0.1,0.0
2019-20 / Overall,2019-20,2019-20,2019,41,1,Entire Network,Overall,Overall,Overall,Overall,0.1,0.0
2019-20 / Overall,2019-20,2019-20,2019,42,2,Entire Network,Overall,Overall,Overall,Overall,0.2,0.0
2019-20 / Overall,2019-20,2019-20,2019,43,3,Entire Network,Overall,Overall,Overall,Overall,0.2,1.0
2019-20 / Overall,2019-20,2019-20,2019,44,4,Entire Network,Overall,Overall,Overall,Overall,0.2,1.0
2019-20 / Overall,2019-20,2019-20,2019,45,5,Entire Network,Overall,Overall,Overall,Overall,0.3,1.0
2019-20 / Overall,2019-20,2019-20,2019,46,6,Entire Network,Overall,Overall,Overall,Overall,0.4,2.0
2019-20 / Overall,2019-20,2019-20,2019,47,7,Entire Network,Overall,Overall,Overall,Overall,0.6,2.0
2019-20 / Overall,2019-20,2019-20,2019,48,8,Entire Network,Overall,Overall,Overall,Overall,0.9,3.0
2019-20 / Overall,2019-20,2019-20,2019,49,9,Entire Network,Overall,Overall,Overall,Overall,1.3,4.0
2019-20 / Overall,2019-20,2019-20,2019,50,10,Entire Network,Overall,Overall,Overall,Overall,1.7,6.0
2019-20 / Overall,2019-20,2019-20,2019,51,11,Entire Network,Overall,Overall,Overall,Overall,2.4,9.0
2019-20 / Overall,2019-20,2019-20,2019,52,12,Entire Network,Overall,Overall,Overall,Overall,4.5,13.0
2019-20 / Overall,2019-20,2019-20,2020,1,13,Entire Network,Overall,Overall,Overall,Overall,5.3,18.0
2019-20 / Overall,2019-20,2019-20,2020,2,14,Entire Network,Overall,Overall,Overall,Overall,4.5,23.0
2019-20 / Overall,2019-20,2019-20,2020,3,15,Entire Network,Overall,Overall,Overall,Overall,4.2,27.0
2019-20 / Overall,2019-20,2019-20,2020,4,16,Entire Network,Overall,Overall,Overall,Overall,4.6,32.0
2019-20 / Overall,2019-20,2019-20,2020,5,17,Entire Network,Overall,Overall,Overall,Overall,5.3,37.0
2019-20 / Overall,2019-20,2019-20,2020,6,18,Entire Network,Overall,Overall,Overall,Overall,6.0,43.0
2019-20 / Overall,2019-20,2019-20,2020,7,19,Entire Network,Overall,Overall,Overall,Overall,5.0,48.0
2019-20 / Overall,2019-20,2019-20,2020,8,20,Entire Network,Overall,Overall,Overall,Overall,5.0,53.0
2019-20 / Overall,2019-20,2019-20,2020,9,21,Entire Network,Overall,Overall,Overall,Overall,4.4,57.0
2019-20 / Overall,2019-20,2019-20,2020,10,22,Entire Network,Overall,Overall,Overall,Overall,4.0,61.0
2019-20 / Overall,2019-20,2019-20,2020,11,23,Entire Network,Overall,Overall,Overall,Overall,2.8,64.0
2019-20 / Overall,2019-20,2019-20,2020,12,24,Entire Network,Overall,Overall,Overall,Overall,1.3,65.0
2019-20 / Overall,2019-20,2019-20,2020,13,25,Entire Network,Overall,Overall,Overall,Overall,0.3,66.0
2019-20 / Overall,2019-20,2019-20,2020,14,26,Entire Network,Overall,Overall,Overall,Overall,0.1,66.0
2019-20 / Overall,2019-20,2019-20,2020,15,27,Entire Network,Overall,Overall,Overall,Overall,0.1,66.0
2019-20 / Overall,2019-20,2019-20,2020,16,28,Entire Network,Overall,Overall,Overall,Overall,0.1,66.0
2019-20 / Overall,2019-20,2019-20,2020,17,29,Entire Network,Overall,Overall,Overall,Overall,0.0,66.0
2019-20 / Overall,2019-20,2019-20,2020,18,30,Entire Network,Overall,Overall,Overall,Overall,0.0,66.0
2019-20 / 0-4 yr,2019-20,2019-20,2019,40,0,Entire Network,0-4 yr,Overall,Overall,Overall,0.1,0.0
2019-20 / 0-4 yr,2019-20,2019-20,2019,41,1,Entire Network,0-4 yr,Overall,Overall,Overall,0.2,0.0
2019-20 / 0-4 yr,2019-20,2019-20,2019,42,2,Entire Network,0-4 yr,Overall,Overall,Overall,0.2,0.0
2019-20 / 0-4 yr,2019-20,2019-20,2019,43,3,Entire Network,0-4 yr,Overall,Overall,Overall,0.5,1.0
2019-20 / 0-4 yr,2019-20,2019-20,2019,44,4,Entire Network,0-4 yr,Overall,Overall,Overall,0.4,1.0
2019-20 / 0-4 yr,2019-20,2019-20,2019,45,5,Entire Network,0-4 yr,Overall,Overall,Overall,0.3,2.0
2019-20 / 0-4 yr,2019-20,2019-20,2019,46,6,Entire Network,0-4 yr,Overall,Overall,Overall,0.8,3.0
2019-20 / 0-4 yr,2019-20,2019-20,2019,47,7,Entire Network,0-4 yr,Overall,Overall,Overall,1.1,4.0
2019-20 / 0-4 yr,2019-20,2019-20,2019,48,8,Entire Network,0-4 yr,Overall,Overall,Overall,2.0,6.0
2019-20 / 0-4 yr,2019-20,2019-20,2019,49,9,Entire Network,0-4 yr,Overall,Overall,Overall,2.5,8.0
2019-20 / 0-4 yr,2019-20,2019-20,2019,50,10,Entire Network,0-4 yr,Overall,Overall,Overall,3.1,11.0
2019-20 / 0-4 yr,2019-20,2019-20,2019,51,11,Entire Network,0-4 yr,Overall,Overall,Overall,4.2,15.0
2019-20 / 0-4 yr,2019-20,2019-20,2019,52,12,Entire Network,0-4 yr,Overall,Overall,Overall,7.0,22.0
2019-20 / 0-4 yr,2019-20,2019-20,2020,1,13,Entire Network,0-4 yr,Overall,Overall,Overall,9.0,32.0
2019-20 / 0-4 yr,2019-20,2019-20,2020,2,14,Entire Network,0-4 yr,Overall,Overall,Overall,6.3,38.0
2019-20 / 0-4 yr,2019-20,2019-20,2020,3,15,Entire Network,0-4 yr,Overall,Overall,Overall,5.8,44.0
2019-20 / 0-4 yr,2019-20,2019-20,2020,4,16,Entire Network,0-4 yr,Overall,Overall,Overall,6.8,50.0
2019-20 / 0-4 yr,2019-20,2019-20,2020,5,17,Entire Network,0-4 yr,Overall,Overall,Overall,7.6,58.0
2019-20 / 0-4 yr,2019-20,2019-20,2020,6,18,Entire Network,0-4 yr,Overall,Overall,Overall,8.4,67.0
2019-20 / 0-4 yr,2019-20,2019-20,2020,7,19,Entire Network,0-4 yr,Overall,Overall,Overall,5.5,72.0
2019-20 / 0-4 yr,2019-20,2019-20,2020,8,20,Entire Network,0-4 yr,Overall,Overall,Overall,6.9,79.0
2019-20 / 0-4 yr,2019-20,2019-20,2020,9,21,Entire Network,0-4 yr,Overall,Overall,Overall,4.2,83.0
2019-20 / 0-4 yr,2019-20,2019-20,2020,10,22,Entire Network,0-4 yr,Overall,Overall,Overall,4.7,88.0
2019-20 / 0-4 yr,2019-20,2019-20,2020,11,23,Entire Network,0-4 yr,Overall,Overall,Overall,2.5,90.0
2019-20 / 0-4 yr,2019-20,2019-20,2020,12,24,Entire Network,0-4 yr,Overall,Overall,Overall,0.8,91.0
2019-20 / 0-4 yr,2019-20,2019-20,2020,13,25,Entire Network,0-4 yr,Overall,Overall,Overall,0.2,91.0
2019-20 / 0-4 yr,2019-20,2019-20,2020,14,26,Entire Network,0-4 yr,Overall,Overall,Overall,0.1,91.0
2019-20 / 0-4 yr,2019-20,2019-20,2020,15,27,Entire Network,0-4 yr,Overall,Overall,Overall,0.0,91.0
2019-20 / 0-4 yr,2019-20,2019-20,2020,16,28,Entire Network,0-4 yr,Overall,Overall,Overall,0.0,91.0
2019-20 / 0-4 yr,2019-20,2019-20,2020,17,29,Entire Network,0-4 yr,Overall,Overall,Overall,0.0,91.0
2019-20 / 0-4 yr,2019-20,2019-20,2020,18,30,Entire Network,0-4 yr,Overall,Overall,Overall,0.0,91.0
2019-20 / >= 65 yr,2019-20,2019-20,2019,40,0,Entire Network,>= 65 yr,Overall,Overall,Overall,0.4,0.0
2019-20 / >= 65 yr,2019-20,2019-20,2019,41,1,Entire Network,>= 65 yr,Overall,Overall,Overall,0.2,1.0
2019-20 / >= 65 yr,2019-20,2019-20,2019,42,2,Entire Network,>= 65 yr,Overall,Overall,Overall,0.6,1.0
2019-20 / >= 65 yr,2019-20,2019-20,2019,43,3,Entire Network,>= 65 yr,Overall,Overall,Overall,0.6,2.0
2019-20 / >= 65 yr,2019-20,2019-20,2019,44,4,Entire Network,>= 65 yr,Overall,Overall,Overall,0.8,3.0
2019-20 / >= 65 yr,2019-20,2019-20,2019,45,5,Entire Network,>= 65 yr,Overall,Overall,Overall,0.6,3.0
2019-20 / >= 65 yr,2019-20,2019-20,2019,46,6,Entire Network,>= 65 yr,Overall,Overall,Overall,0.8,4.0
2019-20 / >= 65 yr,2019-20,2019-20,2019,47,7,Entire Network,>= 65 yr,Overall,Overall,Overall,1.5,5.0
2019-20 / >= 65 yr,2019-20,2019-20,2019,48,8,Entire Network,>= 65 yr,Overall,Overall,Overall,2.1,8.0
2019-20 / >= 65 yr,2019-20,2019-20,2019,49,9,Entire Network,>= 65 yr,Overall,Overall,Overall,2.6,10.0
2019-20 / >= 65 yr,2019-20,2019-20,2019,50,10,Entire Network,>= 65 yr,Overall,Overall,Overall,3.6,14.0
2019-20 / >= 65 yr,2019-20,2019-20,2019,51,11,Entire Network,>= 65 yr,Overall,Overall,Overall,4.6,18.0
2019-20 / >= 65 yr,2019-20,2019-20,2019,52,12,Entire Network,>= 65 yr,Overall,Overall,Overall,10.2,29.0
2019-20 / >= 65 yr,2019-20,2019-20,2020,1,13,Entire Network,>= 65 yr,Overall,Overall,Overall,13.9,42.0
2019-20 / >= 65 yr,2019-20,2019-20,2020,2,14,Entire Network,>= 65 yr,Overall,Overall,Overall,12.2,55.0
2019-20 / >= 65 yr,2019-20,2019-20,2020,3,15,Entire Network,>= 65 yr,Overall,Overall,Overall,9.7,64.0
2019-20 / >= 65 yr,2019-20,2019-20,2020,4,16,Entire Network,>= 65 yr,Overall,Overall,Overall,11.0,75.0
2019-20 / >= 65 yr,2019-20,2019-20,2020,5,17,Entire Network,>= 65 yr,Overall,Overall,Overall,12.7,88.0
2019-20 / >= 65 yr,2019-20,2019-20,2020,6,18,Entire Network,>= 65 yr,Overall,Overall,Overall,15.7,104.0
2019-20 / >= 65 yr,2019-20,2019-20,2020,7,19,Entire Network,>= 65 yr,Overall,Overall,Overall,14.4,118.0
2019-20 / >= 65 yr,2019-20,2019-20,2020,8,20,Entire Network,>= 65 yr,Overall,Overall,Overall,14.3,132.0
2019-20 / >= 65 yr,2019-20,2019-20,2020,9,21,Entire Network,>= 65 yr,Overall,Overall,Overall,14.0,147.0
2019-20 / >= 65 yr,2019-20,2019-20,2020,10,22,Entire Network,>= 65 yr,Overall,Overall,Overall,12.1,159.0
2019-20 / >= 65 yr,2019-20,2019-20,2020,11,23,Entire Network,>= 65 yr,Overall,Overall,Overall,8.4,167.0
2019-20 / >= 65 yr,2019-20,2019-20,2020,12,24,Entire Network,>= 65 yr,Overall,Overall,Overall,3.3,170.0
2019-20 / >= 65 yr,2019-20,2019-20,2020,13,25,Entire Network,>= 65 yr,Overall,Overall,Overall,1.1,171.0
2019-20 / >= 65 yr,2019-20,2019-20,2020,14,26,Entire Network,>= 65 yr,Overall,Overall,Overall,0.3,172.0
2019-20 / >= 65 yr,2019-20,2019-20,2020,15,27,Entire Network,>= 65 yr,Overall,Overall,Overall,0.1,172.0
2019-20 / >= 65 yr,2019-20,2019-20,2020,16,28,Entire Network,>= 65 yr,Overall,Overall,Overall,0.3,172.0
2019-20 / >= 65 yr,2019-20,2019-20,2020,17,29,Entire Network,>= 65 yr,Overall,Overall,Overall,0.1,172.0
2019-20 / >= 65 yr,2019-20,2019-20,2020,18,30,Entire Network,>= 65 yr,Overall,Overall,Overall,0.0,172.0
2021-22 / Overall,2021-22,2021-22,2021,40,0,Entire Network,Overall,Overall,Overall,Overall,0.0,0.0
2021-22 / Overall,2021-22,2021-22,2021,41,1,Entire Network,Overall,Overall,Overall,Overall,0.0,0.0
2021-22 / Overall,2021-22,2021-22,2021,42,2,Entire Network,Overall,Overall,Overall,Overall,0.0,0.0
2021-22 / Overall,2021-22,2021-22,2021,43,3,Entire Network,Overall,Overall,Overall,Overall,0.0,0.0
2021-22 / Overall,2021-22,2021-22,2021,44,4,Entire Network,Overall,Overall,Overall,Overall,0.0,0.0
2021-22 / Overall,2021-22,2021-22,2021,45,5,Entire Network,Overall,Overall,Overall,Overall,0.1,0.0
2021-22 / Overall,2021-22,2021-22,2021,46,6,Entire Network,Overall,Overall,Overall,Overall,0.1,0.0
2021-22 / Overall,2021-22,2021-22,2021,47,7,Entire Network,Overall,Overall,Overall,Overall,0.2,0.0
2021-22 / Overall,2021-22,2021-22,2021,48,8,Entire Network,Overall,Overall,Overall,Overall,0.3,1.0
2021-22 / Overall,2021-22,2021-22,2021,49,9,Entire Network,Overall,Overall,Overall,Overall,0.4,1.0
2021-22 / Overall,2021-22,2021-22,2021,50,10,Entire Network,Overall,Overall,Overall,Overall,0.6,2.0
2021-22 / Overall,2021-22,2021-22,2021,51,11,Entire Network,Overall,Overall,Overall,Overall,0.7,2.0
2021-22 / Overall,2021-22,2021-22,2021,52,12,Entire Network,Overall,Overall,Overall,Overall,1.0,3.0
2021-22 / Overall,2021-22,2021-22,2022,1,13,Entire Network,Overall,Overall,Overall,Overall,0.6,4.0
2021-22 / Overall,2021-22,2021-22,2022,2,14,Entire Network,Overall,Overall,Overall,Overall,0.4,4.0
2021-22 / Overall,2021-22,2021-22,2022,3,15,Entire Network,Overall,Overall,Overall,Overall,0.3,5.0
2021-22 / Overall,2021-22,2021-22,2022,4,16,Entire Network,Overall,Overall,Overall,Overall,0.2,5.0
2021-22 / Overall,2021-22,2021-22,2022,5,17,Entire Network,Overall,Overall,Overall,Overall,0.2,5.0
2021-22 / Overall,2021-22,2021-22,2022,6,18,Entire Network,Overall,Overall,Overall,Overall,0.2,5.0
2021-22 / Overall,2021-22,2021-22,2022,7,19,Entire Network,Overall,Overall,Overall,Overall,0.2,5.0
2021-22 / Overall,2021-22,2021-22,2022,8,20,Entire Network,Overall,Overall,Overall,Overall,0.3,6.0
2021-22 / Overall,2021-22,2021-22,2022,9,21,Entire Network,Overall,Overall,Overall,Overall,0.3,6.0
2021-22 / Overall,2021-22,2021-22,2022,10,22,Entire Network,Overall,Overall,Overall,Overall,0.4,7.0
2021-22 / Overall,2021-22,2021-22,2022,11,23,Entire Network,Overall,Overall,Overall,Overall,0.6,7.0
2021-22 / Overall,2021-22,2021-22,2022,12,24,Entire Network,Overall,Overall,Overall,Overall,0.7,8.0
2021-22 / Overall,2021-22,2021-22,2022,13,25,Entire Network,Overall,Overall,Overall,Overall,0.9,9.0
2021-22 / Overall,2021-22,2021-22,2022,14,26,Entire Network,Overall,Overall,Overall,Overall,1.1,10.0
2021-22 / Overall,2021-22,2021-22,2022,15,27,Entire Network,Overall,Overall,Overall,Overall,1.1,11.0
2021-22 / Overall,2021-22,2021-22,2022,16,28,Entire Network,Overall,Overall,Overall,Overall,1.2,12.0
2021-22 / Overall,2021-22,2021-22,2022,17,29,Entire Network,Overall,Overall,Overall,Overall,1.2,13.0
2021-22 / Overall,2021-22,2021-22,2022,18,30,Entire Network,Overall,Overall,Overall,Overall,1.1,14.0
2021-22 / Overall,2021-22,2021-22,2022,19,31,Entire Network,Overall,Overall,Overall,Overall,1.0,15.0
2021-22 / Overall,2021-22,2021-22,2022,20,32,Entire Network,Overall,Overall,Overall,Overall,0.8,16.0
2021-22 / Overall,2021-22,2021-22,2022,21,33,Entire Network,Overall,Overall,Overall,Overall,0.6,17.0
2021-22 / Overall,2021-22,2021-22,2022,22,34,Entire Network,Overall,Overall,Overall,Overall,0.5,17.0
2021-22 / Overall,2021-22,2021-22,2022,23,35,Entire Network,Overall,Overall,Overall,Overall,0.3,18.0
2021-22 / 0-4 yr,2021-22,2021-22,2021,40,0,Entire Network,0-4 yr,Overall,Overall,Overall,0.0,0.0
2021-22 / 0-4 yr,2021-22,2021-22,2021,41,1,Entire Network,0-4 yr,Overall,Overall,Overall,0.1,0.0
2021-22 / 0-4 yr,2021-22,2021-22,2021,42,2,Entire Network,0-4 yr,Overall,Overall,Overall,0.2,0.0
2021-22 / 0-4 yr,2021-22,2021-22,2021,43,3,Entire Network,0-4 yr,Overall,Overall,Overall,0.1,0.0
2021-22 / 0-4 yr,2021-22,2021-22,2021,44,4,Entire Network,0-4 yr,Overall,Overall,Overall,0.0,0.0
2021-22 / 0-4 yr,2021-22,2021-22,2021,45,5,Entire Network,0-4 yr,Overall,Overall,Overall,0.2,1.0
2021-22 / 0-4 yr,2021-22,2021-22,2021,46,6,Entire Network,0-4 yr,Overall,Overall,Overall,0.1,1.0
2021-22 / 0-4 yr,2021-22,2021-22,2021,47,7,Entire Network,0-4 yr,Overall,Overall,Overall,0.2,1.0
2021-22 / 0-4 yr,2021-22,2021-22,2021,48,8,Entire Network,0-4 yr,Overall,Overall,Overall,0.2,1.0
2021-22 / 0-4 yr,2021-22,2021-22,2021,49,9,Entire Network,0-4 yr,Overall,Overall,Overall,0.3,1.0
2021-22 / 0-4 yr,2021-22,2021-22,2021,50,10,Entire Network,0-4 yr,Overall,Overall,Overall,0.8,2.0
2021-22 / 0-4 yr,2021-22,2021-22,2021,51,11,Entire Network,0-4 yr,Overall,Overall,Overall,0.9,3.0
2021-22 / 0-4 yr,2021-22,2021-22,2021,52,12,Entire Network,0-4 yr,Overall,Overall,Overall,1.3,4.0
2021-22 / 0-4 yr,2021-22,2021-22,2022,1,13,Entire Network,0-4 yr,Overall,Overall,Overall,0.9,5.0
2021-22 / 0-4 yr,2021-22,2021-22,2022,2,14,Entire Network,0-4 yr,Overall,Overall,Overall,0.8,6.0
2021-22 / 0-4 yr,2021-22,2021-22,2022,3,15,Entire Network,0-4 yr,Overall,Overall,Overall,0.5,7.0
2021-22 / 0-4 yr,2021-22,2021-22,2022,4,16,Entire Network,0-4 yr,Overall,Overall,Overall,0.1,7.0
2021-22 / 0-4 yr,2021-22,2021-22,2022,5,17,Entire Network,0-4 yr,Overall,Overall,Overall,0.4,7.0
2021-22 / 0-4 yr,2021-22,2021-22,2022,6,18,Entire Network,0-4 yr,Overall,Overall,Overall,0.3,7.0
2021-22 / 0-4 yr,2021-22,2021-22,2022,7,19,Entire Network,0-4 yr,Overall,Overall,Overall,0.2,8.0
2021-22 / 0-4 yr,2021-22,2021-22,2022,8,20,Entire Network,0-4 yr,Overall,Overall,Overall,0.3,8.0
2021-22 / 0-4 yr,2021-22,2021-22,2022,9,21,Entire Network,0-4 yr,Overall,Overall,Overall,0.4,8.0
2021-22 / 0-4 yr,2021-22,2021-22,2022,10,22,Entire Network,0-4 yr,Overall,Overall,Overall,0.6,9.0
2021-22 / 0-4 yr,2021-22,2021-22,2022,11,23,Entire Network,0-4 yr,Overall,Overall,Overall,0.6,10.0
2021-22 / 0-4 yr,2021-22,2021-22,2022,12,24,Entire Network,0-4 yr,Overall,Overall,Overall,1.1,11.0
2021-22 / 0-4 yr,2021-22,2021-22,2022,13,25,Entire Network,0-4 yr,Overall,Overall,Overall,1.0,12.0
2021-22 / 0-4 yr,2021-22,2021-22,2022,14,26,Entire Network,0-4 yr,Overall,Overall,Overall,1.1,13.0
2021-22 / 0-4 yr,2021-22,2021-22,2022,15,27,Entire Network,0-4 yr,Overall,Overall,Overall,1.2,14.0
2021-22 / 0-4 yr,2021-22,2021-22,2022,16,28,Entire Network,0-4 yr,Overall,Overall,Overall,1.2,15.0
2021-22 / 0-4 yr,2021-22,2021-22,2022,17,29,Entire Network,0-4 yr,Overall,Overall,Overall,1.0,16.0
2021-22 / 0-4 yr,2021-22,2021-22,2022,18,30,Entire Network,0-4 yr,Overall,Overall,Overall,1.6,18.0
2021-22 / 0-4 yr,2021-22,2021-22,2022,19,31,Entire Network,0-4 yr,Overall,Overall,Overall,1.2,19.0
2021-22 / 0-4 yr,2021-22,2021-22,2022,20,32,Entire Network,0-4 yr,Overall,Overall,Overall,0.8,20.0
2021-22 / 0-4 yr,2021-22,2021-22,2022,21,33,Entire Network,0-4 yr,Overall,Overall,Overall,1.4,21.0
2021-22 / 0-4 yr,2021-22,2021-22,2022,22,34,Entire Network,0-4 yr,Overall,Overall,Overall,0.8,22.0
2021-22 / 0-4 yr,2021-22,2021-22,2022,23,35,Entire Network,0-4 yr,Overall,Overall,Overall,0.4,23.0
2021-22 / >= 65 yr,2021-22,2021-22,2021,40,0,Entire Network,>= 65 yr,Overall,Overall,Overall,0.0,0.0
2021-22 / >= 65 yr,2021-22,2021-22,2021,41,1,Entire Network,>= 65 yr,Overall,Overall,Overall,0.1,0.0
2021-22 / >= 65 yr,2021-22,2021-22,2021,42,2,Entire Network,>= 65 yr,Overall,Overall,Overall,0.0,0.0
2021-22 / >= 65 yr,2021-22,2021-22,2021,43,3,Entire Network,>= 65 yr,Overall,Overall,Overall,0.1,0.0
2021-22 / >= 65 yr,2021-22,2021-22,2021,44,4,Entire Network,>= 65 yr,Overall,Overall,Overall,0.0,0.0
2021-22 / >= 65 yr,2021-22,2021-22,2021,45,5,Entire Network,>= 65 yr,Overall,Overall,Overall,0.1,0.0
2021-22 / >= 65 yr,2021-22,2021-22,2021,46,6,Entire Network,>= 65 yr,Overall,Overall,Overall,0.2,1.0
2021-22 / >= 65 yr,2021-22,2021-22,2021,47,7,Entire Network,>= 65 yr,Overall,Overall,Overall,0.6,1.0
2021-22 / >= 65 yr,2021-22,2021-22,2021,48,8,Entire Network,>= 65 yr,Overall,Overall,Overall,0.9,2.0
2021-22 / >= 65 yr,2021-22,2021-22,2021,49,9,Entire Network,>= 65 yr,Overall,Overall,Overall,1.2,3.0
2021-22 / >= 65 yr,2021-22,2021-22,2021,50,10,Entire Network,>= 65 yr,Overall,Overall,Overall,1.7,5.0
2021-22 / >= 65 yr,2021-22,2021-22,2021,51,11,Entire Network,>= 65 yr,Overall,Overall,Overall,2.0,7.0
2021-22 / >= 65 yr,2021-22,2021-22,2021,52,12,Entire Network,>= 65 yr,Overall,Overall,Overall,2.8,10.0
2021-22 / >= 65 yr,2021-22,2021-22,2022,1,13,Entire Network,>= 65 yr,Overall,Overall,Overall,1.8,11.0
2021-22 / >= 65 yr,2021-22,2021-22,2022,2,14,Entire Network,>= 65 yr,Overall,Overall,Overall,0.9,12.0
2021-22 / >= 65 yr,2021-22,2021-22,2022,3,15,Entire Network,>= 65 yr,Overall,Overall,Overall,0.5,13.0
2021-22 / >= 65 yr,2021-22,2021-22,2022,4,16,Entire Network,>= 65 yr,Overall,Overall,Overall,0.3,13.0
2021-22 / >= 65 yr,2021-22,2021-22,2022,5,17,Entire Network,>= 65 yr,Overall,Overall,Overall,0.5,14.0
2021-22 / >= 65 yr,2021-22,2021-22,2022,6,18,Entire Network,>= 65 yr,Overall,Overall,Overall,0.4,14.0
2021-22 / >= 65 yr,2021-22,2021-22,2022,7,19,Entire Network,>= 65 yr,Overall,Overall,Overall,0.5,15.0
2021-22 / >= 65 yr,2021-22,2021-22,2022,8,20,Entire Network,>= 65 yr,Overall,Overall,Overall,0.8,15.0
2021-22 / >= 65 yr,2021-22,2021-22,2022,9,21,Entire Network,>= 65 yr,Overall,Overall,Overall,1.1,16.0
2021-22 / >= 65 yr,2021-22,2021-22,2022,10,22,Entire Network,>= 65 yr,Overall,Overall,Overall,1.3,18.0
2021-22 / >= 65 yr,2021-22,2021-22,2022,11,23,Entire Network,>= 65 yr,Overall,Overall,Overall,1.7,19.0
2021-22 / >= 65 yr,2021-22,2021-22,2022,12,24,Entire Network,>= 65 yr,Overall,Overall,Overall,1.8,21.0
2021-22 / >= 65 yr,2021-22,2021-22,2022,13,25,Entire Network,>= 65 yr,Overall,Overall,Overall,3.0,24.0
2021-22 / >= 65 yr,2021-22,2021-22,2022,14,26,Entire Network,>= 65 yr,Overall,Overall,Overall,3.3,28.0
2021-22 / >= 65 yr,2021-22,2021-22,2022,15,27,Entire Network,>= 65 yr,Overall,Overall,Overall,3.4,31.0
2021-22 / >= 65 yr,2021-22,2021-22,2022,16,28,Entire Network,>= 65 yr,Overall,Overall,Overall,3.6,35.0
2021-22 / >= 65 yr,2021-22,2021-22,2022,17,29,Entire Network,>= 65 yr,Overall,Overall,Overall,3.8,38.0
2021-22 / >= 65 yr,2021-22,2021-22,2022,18,30,Entire Network,>= 65 yr,Overall,Overall,Overall,3.4,42.0
2021-22 / >= 65 yr,2021-22,2021-22,2022,19,31,Entire Network,>= 65 yr,Overall,Overall,Overall,3.2,45.0
2021-22 / >= 65 yr,2021-22,2021-22,2022,20,32,Entire Network,>= 65 yr,Overall,Overall,Overall,2.4,47.0
2021-22 / >= 65 yr,2021-22,2021-22,2022,21,33,Entire Network,>= 65 yr,Overall,Overall,Overall,1.6,49.0
2021-22 / >= 65 yr,2021-22,2021-22,2022,22,34,Entire Network,>= 65 yr,Overall,Overall,Overall,1.1,50.0
2021-22 / >= 65 yr,2021-22,2021-22,2022,23,35,Entire Network,>= 65 yr,Overall,Overall,Overall,0.9,51.0
2022-23 / Overall,2022-23,2022-23,2022,40,0,Entire Network,Overall,Overall,Overall,Overall,0.4,0.0
2022-23 / Overall,2022-23,2022-23,2022,41,1,Entire Network,Overall,Overall,Overall,Overall,0.6,1.0
2022-23 / Overall,2022-23,2022-23,2022,42,2,Entire Network,Overall,Overall,Overall,Overall,0.9,2.0
2022-23 / Overall,2022-23,2022-23,2022,43,3,Entire Network,Overall,Overall,Overall,Overall,1.7,4.0
2022-23 / Overall,2022-23,2022-23,2022,44,4,Entire Network,Overall,Overall,Overall,Overall,2.5,6.0
2022-23 / Overall,2022-23,2022-23,2022,45,5,Entire Network,Overall,Overall,Overall,Overall,3.2,9.0
2022-23 / Overall,2022-23,2022-23,2022,46,6,Entire Network,Overall,Overall,Overall,Overall,3.9,13.0
2022-23 / Overall,2022-23,2022-23,2022,47,7,Entire Network,Overall,Overall,Overall,Overall,6.9,20.0
2022-23 / Overall,2022-23,2022-23,2022,48,8,Entire Network,Overall,Overall,Overall,Overall,8.7,29.0
2022-23 / Overall,2022-23,2022-23,2022,49,9,Entire Network,Overall,Overall,Overall,Overall,7.3,36.0
2022-23 / Overall,2022-23,2022-23,2022,50,10,Entire Network,Overall,Overall,Overall,Overall,6.4,42.0
2022-23 / Overall,2022-23,2022-23,2022,51,11,Entire Network,Overall,Overall,Overall,Overall,5.6,48.0
2022-23 / Overall,2022-23,2022-23,2022,52,12,Entire Network,Overall,Overall,Overall,Overall,5.2,53.0
2022-23 / Overall,2022-23,2022-23,2023,1,13,Entire Network,Overall,Overall,Overall,Overall,3.0,56.0
2022-23 / Overall,2022-23,2022-23,2023,2,14,Entire Network,Overall,Overall,Overall,Overall,1.3,57.0
2022-23 / Overall,2022-23,2022-23,2023,3,15,Entire Network,Overall,Overall,Overall,Overall,0.8,58.0
2022-23 / Overall,2022-23,2022-23,2023,4,16,Entire Network,Overall,Overall,Overall,Overall,0.5,59.0
2022-23 / Overall,2022-23,2022-23,2023,5,17,Entire Network,Overall,Overall,Overall,Overall,0.4,59.0
2022-23 / Overall,2022-23,2022-23,2023,6,18,Entire Network,Overall,Overall,Overall,Overall,0.3,59.0
2022-23 / Overall,2022-23,2022-23,2023,7,19,Entire Network,Overall,Overall,Overall,Overall,0.3,60.0
2022-23 / Overall,2022-23,2022-23,2023,8,20,Entire Network,Overall,Overall,Overall,Overall,0.3,60.0
2022-23 / Overall,2022-23,2022-23,2023,9,21,Entire Network,Overall,Overall,Overall,Overall,0.2,60.0
2022-23 / Overall,2022-23,2022-23,2023,10,22,Entire Network,Overall,Overall,Overall,Overall,0.3,61.0
2022-23 / Overall,2022-23,2022-23,2023,11,23,Entire Network,Overall,Overall,Overall,Overall,0.3,61.0
2022-23 / Overall,2022-23,2022-23,2023,12,24,Entire Network,Overall,Overall,Overall,Overall,0.3,61.0
2022-23 / Overall,2022-23,2022-23,2023,13,25,Entire Network,Overall,Overall,Overall,Overall,0.2,61.0
2022-23 / Overall,2022-23,2022-23,2023,14,26,Entire Network,Overall,Overall,Overall,Overall,0.2,62.0
2022-23 / Overall,2022-23,2022-23,2023,15,27,Entire Network,Overall,Overall,Overall,Overall,0.2,62.0
2022-23 / Overall,2022-23,2022-23,2023,16,28,Entire Network,Overall,Overall,Overall,Overall,0.2,62.0
2022-23 / Overall,2022-23,2022-23,2023,17,29,Entire Network,Overall,Overall,Overall,Overall,0.1,62.0
2022-23 / Overall,2022-23,2022-23,2023,18,30,Entire Network,Overall,Overall,Overall,Overall,0.0,62.0
2022-23 / 0-4 yr,2022-23,2022-23,2022,40,0,Entire Network,0-4 yr,Overall,Overall,Overall,0.9,1.0
2022-23 / 0-4 yr,2022-23,2022-23,2022,41,1,Entire Network,0-4 yr,Overall,Overall,Overall,0.7,2.0
2022-23 / 0-4 yr,2022-23,2022-23,2022,42,2,Entire Network,0-4 yr,Overall,Overall,Overall,1.9,4.0
2022-23 / 0-4 yr,2022-23,2022-23,2022,43,3,Entire Network,0-4 yr,Overall,Overall,Overall,3.2,7.0
2022-23 / 0-4 yr,2022-23,2022-23,2022,44,4,Entire Network,0-4 yr,Overall,Overall,Overall,3.9,11.0
2022-23 / 0-4 yr,2022-23,2022-23,2022,45,5,Entire Network,0-4 yr,Overall,Overall,Overall,6.0,17.0
2022-23 / 0-4 yr,2022-23,2022-23,2022,46,6,Entire Network,0-4 yr,Overall,Overall,Overall,6.9,24.0
2022-23 / 0-4 yr,2022-23,2022-23,2022,47,7,Entire Network,0-4 yr,Overall,Overall,Overall,11.8,35.0
2022-23 / 0-4 yr,2022-23,2022-23,2022,48,8,Entire Network,0-4 yr,Overall,Overall,Overall,11.5,47.0
2022-23 / 0-4 yr,2022-23,2022-23,2022,49,9,Entire Network,0-4 yr,Overall,Overall,Overall,9.5,56.0
2022-23 / 0-4 yr,2022-23,2022-23,2022,50,10,Entire Network,0-4 yr,Overall,Overall,Overall,8.7,65.0
2022-23 / 0-4 yr,2022-23,2022-23,2022,51,11,Entire Network,0-4 yr,Overall,Overall,Overall,7.0,72.0
2022-23 / 0-4 yr,2022-23,2022-23,2022,52,12,Entire Network,0-4 yr,Overall,Overall,Overall,5.4,78.0
2022-23 / 0-4 yr,2022-23,2022-23,2023,1,13,Entire Network,0-4 yr,Overall,Overall,Overall,2.2,80.0
2022-23 / 0-4 yr,2022-23,2022-23,2023,2,14,Entire Network,0-4 yr,Overall,Overall,Overall,1.3,81.0
2022-23 / 0-4 yr,2022-23,2022-23,2023,3,15,Entire Network,0-4 yr,Overall,Overall,Overall,0.6,82.0
2022-23 / 0-4 yr,2022-23,2022-23,2023,4,16,Entire Network,0-4 yr,Overall,Overall,Overall,0.2,82.0
2022-23 / 0-4 yr,2022-23,2022-23,2023,5,17,Entire Network,0-4 yr,Overall,Overall,Overall,0.3,82.0
2022-23 / 0-4 yr,2022-23,2022-23,2023,6,18,Entire Network,0-4 yr,Overall,Overall,Overall,0.4,83.0
2022-23 / 0-4 yr,2022-23,2022-23,2023,7,19,Entire Network,0-4 yr,Overall,Overall,Overall,0.2,83.0
2022-23 / 0-4 yr,2022-23,2022-23,2023,8,20,Entire Network,0-4 yr,Overall,Overall,Overall,0.2,83.0
2022-23 / 0-4 yr,2022-23,2022-23,2023,9,21,Entire Network,0-4 yr,Overall,Overall,Overall,0.4,83.0
2022-23 / 0-4 yr,2022-23,2022-23,2023,10,22,Entire Network,0-4 yr,Overall,Overall,Overall,0.3,84.0
2022-23 / 0-4 yr,2022-23,2022-23,2023,11,23,Entire Network,0-4 yr,Overall,Overall,Overall,0.2,84.0
2022-23 / 0-4 yr,2022-23,2022-23,2023,12,24,Entire Network,0-4 yr,Overall,Overall,Overall,0.3,84.0
2022-23 / 0-4 yr,2022-23,2022-23,2023,13,25,Entire Network,0-4 yr,Overall,Overall,Overall,0.2,84.0
2022-23 / 0-4 yr,2022-23,2022-23,2023,14,26,Entire Network,0-4 yr,Overall,Overall,Overall,0.1,84.0
2022-23 / 0-4 yr,2022-23,2022-23,2023,15,27,Entire Network,0-4 yr,Overall,Overall,Overall,0.4,85.0
2022-23 / 0-4 yr,2022-23,2022-23,2023,16,28,Entire Network,0-4 yr,Overall,Overall,Overall,0.2,85.0
2022-23 / 0-4 yr,2022-23,2022-23,2023,17,29,Entire Network,0-4 yr,Overall,Overall,Overall,0.1,85.0
2022-23 / 0-4 yr,2022-23,2022-23,2023,18,30,Entire Network,0-4 yr,Overall,Overall,Overall,0.1,85.0
2022-23 / >= 65 yr,2022-23,2022-23,2022,40,0,Entire Network,>= 65 yr,Overall,Overall,Overall,0.8,1.0
2022-23 / >= 65 yr,2022-23,2022-23,2022,41,1,Entire Network,>= 65 yr,Overall,Overall,Overall,1.2,2.0
2022-23 / >= 65 yr,2022-23,2022-23,2022,42,2,Entire Network,>= 65 yr,Overall,Overall,Overall,2.1,4.0
2022-23 / >= 65 yr,2022-23,2022-23,2022,43,3,Entire Network,>= 65 yr,Overall,Overall,Overall,3.8,8.0
2022-23 / >= 65 yr,2022-23,2022-23,2022,44,4,Entire Network,>= 65 yr,Overall,Overall,Overall,5.1,13.0
2022-23 / >= 65 yr,2022-23,2022-23,2022,45,5,Entire Network,>= 65 yr,Overall,Overall,Overall,7.7,21.0
2022-23 / >= 65 yr,2022-23,2022-23,2022,46,6,Entire Network,>= 65 yr,Overall,Overall,Overall,9.7,31.0
2022-23 / >= 65 yr,2022-23,2022-23,2022,47,7,Entire Network,>= 65 yr,Overall,Overall,Overall,18.4,49.0
2022-23 / >= 65 yr,2022-23,2022-23,2022,48,8,Entire Network,>= 65 yr,Overall,Overall,Overall,26.1,75.0
2022-23 / >= 65 yr,2022-23,2022-23,2022,49,9,Entire Network,>= 65 yr,Overall,Overall,Overall,22.2,97.0
2022-23 / >= 65 yr,2022-23,2022-23,2022,50,10,Entire Network,>= 65 yr,Overall,Overall,Overall,18.3,116.0
2022-23 / >= 65 yr,2022-23,2022-23,2022,51,11,Entire Network,>= 65 yr,Overall,Overall,Overall,16.9,132.0
2022-23 / >= 65 yr,2022-23,2022-23,2022,52,12,Entire Network,>= 65 yr,Overall,Overall,Overall,18.1,151.0
2022-23 / >= 65 yr,2022-23,2022-23,2023,1,13,Entire Network,>= 65 yr,Overall,Overall,Overall,10.7,161.0
2022-23 / >= 65 yr,2022-23,2022-23,2023,2,14,Entire Network,>= 65 yr,Overall,Overall,Overall,4.1,165.0
2022-23 / >= 65 yr,2022-23,2022-23,2023,3,15,Entire Network,>= 65 yr,Overall,Overall,Overall,2.4,168.0
2022-23 / >= 65 yr,2022-23,2022-23,2023,4,16,Entire Network,>= 65 yr,Overall,Overall,Overall,1.4,169.0
2022-23 / >= 65 yr,2022-23,2022-23,2023,5,17,Entire Network,>= 65 yr,Overall,Overall,Overall,1.5,171.0
2022-23 / >= 65 yr,2022-23,2022-23,2023,6,18,Entire Network,>= 65 yr,Overall,Overall,Overall,1.0,172.0
2022-23 / >= 65 yr,2022-23,2022-23,2023,7,19,Entire Network,>= 65 yr,Overall,Overall,Overall,1.1,173.0
2022-23 / >= 65 yr,2022-23,2022-23,2023,8,20,Entire Network,>= 65 yr,Overall,Overall,Overall,0.8,173.0
2022-23 / >= 65 yr,2022-23,2022-23,2023,9,21,Entire Network,>= 65 yr,Overall,Overall,Overall,0.7,174.0
2022-23 / >= 65 yr,2022-23,2022-23,2023,10,22,Entire Network,>= 65 yr,Overall,Overall,Overall,0.8,175.0
2022-23 / >= 65 yr,2022-23,2022-23,2023,11,23,Entire Network,>= 65 yr,Overall,Overall,Overall,0.6,176.0
2022-23 / >= 65 yr,2022-23,2022-23,2023,12,24,Entire Network,>= 65 yr,Overall,Overall,Overall,0.6,176.0
2022-23 / >= 65 yr,2022-23,2022-23,2023,13,25,Entire Network,>= 65 yr,Overall,Overall,Overall,0.6,177.0
2022-23 / >= 65 yr,2022-23,2022-23,2023,14,26,Entire Network,>= 65 yr,Overall,Overall,Overall,0.5,177.0
2022-23 / >= 65 yr,2022-23,2022-23,2023,15,27,Entire Network,>= 65 yr,Overall,Overall,Overall,0.5,178.0
2022-23 / >= 65 yr,2022-23,2022-23,2023,16,28,Entire Network,>= 65 yr,Overall,Overall,Overall,0.6,178.0
2022-23 / >= 65 yr,2022-23,2022-23,2023,17,29,Entire Network,>= 65 yr,Overall,Overall,Overall,0.2,179.0
2022-23 / >= 65 yr,2022-23,2022-23,2023,18,30,Entire Network,>= 65 yr,Overall,Overall,Overall,0.1,179.0
2023-24 / Overall,2023-24,2023-24,2023,40,0,Entire Network,Overall,Overall,Overall,Overall,0.2,0.0
2023-24 / Overall,2023-24,2023-24,2023,41,1,Entire Network,Overall,Overall,Overall,Overall,0.2,0.0
2023-24 / Overall,2023-24,2023-24,2023,42,2,Entire Network,Overall,Overall,Overall,Overall,0.3,1.0
2023-24 / Overall,2023-24,2023-24,2023,43,3,Entire Network,Overall,Overall,Overall,Overall,0.3,1.0
2023-24 / Overall,2023-24,2023-24,2023,44,4,Entire Network,Overall,Overall,Overall,Overall,0.5,1.0
2023-24 / Overall,2023-24,2023-24,2023,45,5,Entire Network,Overall,Overall,Overall,Overall,0.8,2.0
2023-24 / Overall,2023-24,2023-24,2023,46,6,Entire Network,Overall,Overall,Overall,Overall,0.9,3.0
2023-24 / Overall,2023-24,2023-24,2023,47,7,Entire Network,Overall,Overall,Overall,Overall,1.4,5.0
2023-24 / Overall,2023-24,2023-24,2023,48,8,Entire Network,Overall,Overall,Overall,Overall,2.1,7.0
2023-24 / Overall,2023-24,2023-24,2023,49,9,Entire Network,Overall,Overall,Overall,Overall,2.9,10.0
2023-24 / Overall,2023-24,2023-24,2023,50,10,Entire Network,Overall,Overall,Overall,Overall,4.1,14.0
2023-24 / Overall,2023-24,2023-24,2023,51,11,Entire Network,Overall,Overall,Overall,Overall,6.7,20.0
2023-24 / Overall,2023-24,2023-24,2023,52,12,Entire Network,Overall,Overall,Overall,Overall,8.9,29.0
2023-24 / Overall,2023-24,2023-24,2024,1,13,Entire Network,Overall,Overall,Overall,Overall,6.9,36.0
2023-24 / Overall,2023-24,2023-24,2024,2,14,Entire Network,Overall,Overall,Overall,Overall,5.4,42.0
2023-24 / Overall,2023-24,2023-24,2024,3,15,Entire Network,Overall,Overall,Overall,Overall,4.2,46.0
2023-24 / Overall,2023-24,2023-24,2024,4,16,Entire Network,Overall,Overall,Overall,Overall,3.9,50.0
2023-24 / Overall,2023-24,2023-24,2024,5,17,Entire Network,Overall,Overall,Overall,Overall,3.5,53.0
2023-24 / Overall,2023-24,2023-24,2024,6,18,Entire Network,Overall,Overall,Overall,Overall,3.5,57.0
2023-24 / Overall,2023-24,2023-24,2024,7,19,Entire Network,Overall,Overall,Overall,Overall,3.3,60.0
2023-24 / Overall,2023-24,2023-24,2024,8,20,Entire Network,Overall,Overall,Overall,Overall,3.3,63.0
2023-24 / Overall,2023-24,2023-24,2024,9,21,Entire Network,Overall,Overall,Overall,Overall,3.3,67.0
2023-24 / Overall,2023-24,2023-24,2024,10,22,Entire Network,Overall,Overall,Overall,Overall,2.7,69.0
2023-24 / Overall,2023-24,2023-24,2024,11,23,Entire Network,Overall,Overall,Overall,Overall,2.1,72.0
2023-24 / Overall,2023-24,2023-24,2024,12,24,Entire Network,Overall,Overall,Overall,Overall,1.9,73.0
2023-24 / Overall,2023-24,2023-24,2024,13,25,Entire Network,Overall,Overall,Overall,Overall,1.7,75.0
2023-24 / Overall,2023-24,2023-24,2024,14,26,Entire Network,Overall,Overall,Overall,Overall,1.7,77.0
2023-24 / Overall,2023-24,2023-24,2024,15,27,Entire Network,Overall,Overall,Overall,Overall,1.3,78.0
2023-24 / Overall,2023-24,2023-24,2024,16,28,Entire Network,Overall,Overall,Overall,Overall,0.9,79.0
2023-24 / Overall,2023-24,2023-24,2024,17,29,Entire Network,Overall,Overall,Overall,Overall,0.7,80.0
2023-24 / Overall,2023-24,2023-24,2024,18,30,Entire Network,Overall,Overall,Overall,Overall,0.5,80.0
2023-24 / Overall,2023-24,2023-24,2024,19,31,Entire Network,Overall,Overall,Overall,Overall,0.4,80.0
2023-24 / Overall,2023-24,2023-24,2024,20,32,Entire Network,Overall,Overall,Overall,Overall,0.3,81.0
2023-24 / Overall,2023-24,2023-24,2024,21,33,Entire Network,Overall,Overall,Overall,Overall,0.3,81.0
2023-24 / Overall,2023-24,2023-24,2024,22,34,Entire Network,Overall,Overall,Overall,Overall,0.3,81.0
2023-24 / Overall,2023-24,2023-24,2024,23,35,Entire Network,Overall,Overall,Overall,Overall,0.2,82.0
2023-24 / Overall,2023-24,2023-24,2024,24,36,Entire Network,Overall,Overall,Overall,Overall,0.2,82.0
2023-24 / Overall,2023-24,2023-24,2024,25,37,Entire Network,Overall,Overall,Overall,Overall,0.2,82.0
2023-24 / Overall,2023-24,2023-24,2024,26,38,Entire Network,Overall,Overall,Overall,Overall,0.2,82.0
2023-24 / Overall,2023-24,2023-24,2024,27,39,Entire Network,Overall,Overall,Overall,Overall,0.2,82.0
2023-24 / Overall,2023-24,2023-24,2024,28,40,Entire Network,Overall,Overall,Overall,Overall,0.2,82.0
2023-24 / Overall,2023-24,2023-24,2024,29,41,Entire Network,Overall,Overall,Overall,Overall,0.1,83.0
2023-24 / Overall,2023-24,2023-24,2024,30,42,Entire Network,Overall,Overall,Overall,Overall,0.1,83.0
2023-24 / Overall,2023-24,2023-24,2024,31,43,Entire Network,Overall,Overall,Overall,Overall,0.1,83.0
2023-24 / Overall,2023-24,2023-24,2024,32,44,Entire Network,Overall,Overall,Overall,Overall,0.1,83.0
2023-24 / Overall,2023-24,2023-24,2024,33,45,Entire Network,Overall,Overall,Overall,Overall,0.1,83.0
2023-24 / Overall,2023-24,2023-24,2024,34,46,Entire Network,Overall,Overall,Overall,Overall,0.1,83.0
2023-24 / Overall,2023-24,2023-24,2024,35,47,Entire Network,Overall,Overall,Overall,Overall,0.1,83.0
2023-24 / Overall,2023-24,2023-24,2024,36,48,Entire Network,Overall,Overall,Overall,Overall,0.1,83.0
2023-24 / Overall,2023-24,2023-24,2024,37,49,Entire Network,Overall,Overall,Overall,Overall,0.1,83.0
2023-24 / Overall,2023-24,2023-24,2024,38,50,Entire Network,Overall,Overall,Overall,Overall,0.1,83.0
2023-24 / Overall,2023-24,2023-24,2024,39,51,Entire Network,Overall,Overall,Overall,Overall,0.1,83.0
2023-24 / 0-4 yr,2023-24,2023-24,2023,40,0,Entire Network,0-4 yr,Overall,Overall,Overall,0.4,0.0
2023-24 / 0-4 yr,2023-24,2023-24,2023,41,1,Entire Network,0-4 yr,Overall,Overall,Overall,0.2,1.0
2023-24 / 0-4 yr,2023-24,2023-24,2023,42,2,Entire Network,0-4 yr,Overall,Overall,Overall,0.3,1.0
2023-24 / 0-4 yr,2023-24,2023-24,2023,43,3,Entire Network,0-4 yr,Overall,Overall,Overall,0.2,1.0
2023-24 / 0-4 yr,2023-24,2023-24,2023,44,4,Entire Network,0-4 yr,Overall,Overall,Overall,0.8,2.0
2023-24 / 0-4 yr,2023-24,2023-24,2023,45,5,Entire Network,0-4 yr,Overall,Overall,Overall,0.8,3.0
2023-24 / 0-4 yr,2023-24,2023-24,2023,46,6,Entire Network,0-4 yr,Overall,Overall,Overall,0.7,4.0
2023-24 / 0-4 yr,2023-24,2023-24,2023,47,7,Entire Network,0-4 yr,Overall,Overall,Overall,1.2,5.0
2023-24 / 0-4 yr,2023-24,2023-24,2023,48,8,Entire Network,0-4 yr,Overall,Overall,Overall,2.3,7.0
2023-24 / 0-4 yr,2023-24,2023-24,2023,49,9,Entire Network,0-4 yr,Overall,Overall,Overall,2.2,9.0
2023-24 / 0-4 yr,2023-24,2023-24,2023,50,10,Entire Network,0-4 yr,Overall,Overall,Overall,4.6,14.0
2023-24 / 0-4 yr,2023-24,2023-24,2023,51,11,Entire Network,0-4 yr,Overall,Overall,Overall,6.5,20.0
2023-24 / 0-4 yr,2023-24,2023-24,2023,52,12,Entire Network,0-4 yr,Overall,Overall,Overall,7.4,28.0
2023-24 / 0-4 yr,2023-24,2023-24,2024,1,13,Entire Network,0-4 yr,Overall,Overall,Overall,7.2,35.0
2023-24 / 0-4 yr,2023-24,2023-24,2024,2,14,Entire Network,0-4 yr,Overall,Overall,Overall,5.8,41.0
2023-24 / 0-4 yr,2023-24,2023-24,2024,3,15,Entire Network,0-4 yr,Overall,Overall,Overall,4.6,45.0
2023-24 / 0-4 yr,2023-24,2023-24,2024,4,16,Entire Network,0-4 yr,Overall,Overall,Overall,4.6,50.0
2023-24 / 0-4 yr,2023-24,2023-24,2024,5,17,Entire Network,0-4 yr,Overall,Overall,Overall,2.9,53.0
2023-24 / 0-4 yr,2023-24,2023-24,2024,6,18,Entire Network,0-4 yr,Overall,Overall,Overall,4.6,58.0
2023-24 / 0-4 yr,2023-24,2023-24,2024,7,19,Entire Network,0-4 yr,Overall,Overall,Overall,3.8,61.0
2023-24 / 0-4 yr,2023-24,2023-24,2024,8,20,Entire Network,0-4 yr,Overall,Overall,Overall,3.2,65.0
2023-24 / 0-4 yr,2023-24,2023-24,2024,9,21,Entire Network,0-4 yr,Overall,Overall,Overall,4.4,69.0
2023-24 / 0-4 yr,2023-24,2023-24,2024,10,22,Entire Network,0-4 yr,Overall,Overall,Overall,3.0,72.0
2023-24 / 0-4 yr,2023-24,2023-24,2024,11,23,Entire Network,0-4 yr,Overall,Overall,Overall,2.5,74.0
2023-24 / 0-4 yr,2023-24,2023-24,2024,12,24,Entire Network,0-4 yr,Overall,Overall,Overall,1.9,76.0
2023-24 / 0-4 yr,2023-24,2023-24,2024,13,25,Entire Network,0-4 yr,Overall,Overall,Overall,1.2,78.0
2023-24 / 0-4 yr,2023-24,2023-24,2024,14,26,Entire Network,0-4 yr,Overall,Overall,Overall,1.6,79.0
2023-24 / 0-4 yr,2023-24,2023-24,2024,15,27,Entire Network,0-4 yr,Overall,Overall,Overall,1.6,81.0
2023-24 / 0-4 yr,2023-24,2023-24,2024,16,28,Entire Network,0-4 yr,Overall,Overall,Overall,1.1,82.0
2023-24 / 0-4 yr,2023-24,2023-24,2024,17,29,Entire Network,0-4 yr,Overall,Overall,Overall,1.1,83.0
2023-24 / 0-4 yr,2023-24,2023-24,2024,18,30,Entire Network,0-4 yr,Overall,Overall,Overall,0.6,84.0
2023-24 / 0-4 yr,2023-24,2023-24,2024,19,31,Entire Network,0-4 yr,Overall,Overall,Overall,0.5,84.0
2023-24 / 0-4 yr,2023-24,2023-24,2024,20,32,Entire Network,0-4 yr,Overall,Overall,Overall,0.6,85.0
2023-24 / 0-4 yr,2023-24,2023-24,2024,21,33,Entire Network,0-4 yr,Overall,Overall,Overall,0.1,85.0
2023-24 / 0-4 yr,2023-24,2023-24,2024,22,34,Entire Network,0-4 yr,Overall,Overall,Overall,0.1,85.0
2023-24 / 0-4 yr,2023-24,2023-24,2024,23,35,Entire Network,0-4 yr,Overall,Overall,Overall,0.3,85.0
2023-24 / 0-4 yr,2023-24,2023-24,2024,24,36,Entire Network,0-4 yr,Overall,Overall,Overall,0.1,85.0
2023-24 / 0-4 yr,2023-24,2023-24,2024,25,37,Entire Network,0-4 yr,Overall,Overall,Overall,0.2,85.0
2023-24 / 0-4 yr,2023-24,2023-24,2024,26,38,Entire Network,0-4 yr,Overall,Overall,Overall,0.2,86.0
2023-24 / 0-4 yr,2023-24,2023-24,2024,27,39,Entire Network,0-4 yr,Overall,Overall,Overall,0.2,86.0
2023-24 / 0-4 yr,2023-24,2023-24,2024,28,40,Entire Network,0-4 yr,Overall,Overall,Overall,0.1,86.0
2023-24 / 0-4 yr,2023-24,2023-24,2024,29,41,Entire Network,0-4 yr,Overall,Overall,Overall,0.0,86.0
2023-24 / 0-4 yr,2023-24,2023-24,2024,30,42,Entire Network,0-4 yr,Overall,Overall,Overall,0.2,86.0
2023-24 / 0-4 yr,2023-24,2023-24,2024,31,43,Entire Network,0-4 yr,Overall,Overall,Overall,0.0,86.0
2023-24 / 0-4 yr,2023-24,2023-24,2024,32,44,Entire Network,0-4 yr,Overall,Overall,Overall,0.1,86.0
2023-24 / 0-4 yr,2023-24,2023-24,2024,33,45,Entire Network,0-4 yr,Overall,Overall,Overall,0.1,86.0
2023-24 / 0-4 yr,2023-24,2023-24,2024,34,46,Entire Network,0-4 yr,Overall,Overall,Overall,0.0,86.0
2023-24 / 0-4 yr,2023-24,2023-24,2024,35,47,Entire Network,0-4 yr,Overall,Overall,Overall,0.2,86.0
2023-24 / 0-4 yr,2023-24,2023-24,2024,36,48,Entire Network,0-4 yr,Overall,Overall,Overall,0.2,87.0
2023-24 / 0-4 yr,2023-24,2023-24,2024,37,49,Entire Network,0-4 yr,Overall,Overall,Overall,0.0,87.0
2023-24 / 0-4 yr,2023-24,2023-24,2024,38,50,Entire Network,0-4 yr,Overall,Overall,Overall,0.2,87.0
2023-24 / 0-4 yr,2023-24,2023-24,2024,39,51,Entire Network,0-4 yr,Overall,Overall,Overall,0.1,87.0
2023-24 / >= 65 yr,2023-24,2023-24,2023,40,0,Entire Network,>= 65 yr,Overall,Overall,Overall,0.7,1.0
2023-24 / >= 65 yr,2023-24,2023-24,2023,41,1,Entire Network,>= 65 yr,Overall,Overall,Overall,0.7,1.0
2023-24 / >= 65 yr,2023-24,2023-24,2023,42,2,Entire Network,>= 65 yr,Overall,Overall,Overall,0.6,2.0
2023-24 / >= 65 yr,2023-24,2023-24,2023,43,3,Entire Network,>= 65 yr,Overall,Overall,Overall,0.5,3.0
2023-24 / >= 65 yr,2023-24,2023-24,2023,44,4,Entire Network,>= 65 yr,Overall,Overall,Overall,1.1,4.0
2023-24 / >= 65 yr,2023-24,2023-24,2023,45,5,Entire Network,>= 65 yr,Overall,Overall,Overall,1.6,5.0
2023-24 / >= 65 yr,2023-24,2023-24,2023,46,6,Entire Network,>= 65 yr,Overall,Overall,Overall,2.1,7.0
2023-24 / >= 65 yr,2023-24,2023-24,2023,47,7,Entire Network,>= 65 yr,Overall,Overall,Overall,3.4,11.0
2023-24 / >= 65 yr,2023-24,2023-24,2023,48,8,Entire Network,>= 65 yr,Overall,Overall,Overall,5.4,16.0
2023-24 / >= 65 yr,2023-24,2023-24,2023,49,9,Entire Network,>= 65 yr,Overall,Overall,Overall,7.6,24.0
2023-24 / >= 65 yr,2023-24,2023-24,2023,50,10,Entire Network,>= 65 yr,Overall,Overall,Overall,10.6,34.0
2023-24 / >= 65 yr,2023-24,2023-24,2023,51,11,Entire Network,>= 65 yr,Overall,Overall,Overall,17.4,52.0
2023-24 / >= 65 yr,2023-24,2023-24,2023,52,12,Entire Network,>= 65 yr,Overall,Overall,Overall,25.2,77.0
2023-24 / >= 65 yr,2023-24,2023-24,2024,1,13,Entire Network,>= 65 yr,Overall,Overall,Overall,19.3,96.0
2023-24 / >= 65 yr,2023-24,2023-24,2024,2,14,Entire Network,>= 65 yr,Overall,Overall,Overall,14.7,111.0
2023-24 / >= 65 yr,2023-24,2023-24,2024,3,15,Entire Network,>= 65 yr,Overall,Overall,Overall,12.0,123.0
2023-24 / >= 65 yr,2023-24,2023-24,2024,4,16,Entire Network,>= 65 yr,Overall,Overall,Overall,10.2,133.0
2023-24 / >= 65 yr,2023-24,2023-24,2024,5,17,Entire Network,>= 65 yr,Overall,Overall,Overall,9.6,143.0
2023-24 / >= 65 yr,2023-24,2023-24,2024,6,18,Entire Network,>= 65 yr,Overall,Overall,Overall,9.4,152.0
2023-24 / >= 65 yr,2023-24,2023-24,2024,7,19,Entire Network,>= 65 yr,Overall,Overall,Overall,9.0,161.0
2023-24 / >= 65 yr,2023-24,2023-24,2024,8,20,Entire Network,>= 65 yr,Overall,Overall,Overall,9.2,170.0
2023-24 / >= 65 yr,2023-24,2023-24,2024,9,21,Entire Network,>= 65 yr,Overall,Overall,Overall,9.4,180.0
2023-24 / >= 65 yr,2023-24,2023-24,2024,10,22,Entire Network,>= 65 yr,Overall,Overall,Overall,7.2,187.0
2023-24 / >= 65 yr,2023-24,2023-24,2024,11,23,Entire Network,>= 65 yr,Overall,Overall,Overall,6.1,193.0
2023-24 / >= 65 yr,2023-24,2023-24,2024,12,24,Entire Network,>= 65 yr,Overall,Overall,Overall,4.8,198.0
2023-24 / >= 65 yr,2023-24,2023-24,2024,13,25,Entire Network,>= 65 yr,Overall,Overall,Overall,5.0,203.0
2023-24 / >= 65 yr,2023-24,2023-24,2024,14,26,Entire Network,>= 65 yr,Overall,Overall,Overall,4.4,207.0
2023-24 / >= 65 yr,2023-24,2023-24,2024,15,27,Entire Network,>= 65 yr,Overall,Overall,Overall,3.6,211.0
2023-24 / >= 65 yr,2023-24,2023-24,2024,16,28,Entire Network,>= 65 yr,Overall,Overall,Overall,2.7,213.0
2023-24 / >= 65 yr,2023-24,2023-24,2024,17,29,Entire Network,>= 65 yr,Overall,Overall,Overall,2.0,215.0
2023-24 / >= 65 yr,2023-24,2023-24,2024,18,30,Entire Network,>= 65 yr,Overall,Overall,Overall,1.5,217.0
2023-24 / >= 65 yr,2023-24,2023-24,2024,19,31,Entire Network,>= 65 yr,Overall,Overall,Overall,1.3,218.0
2023-24 / >= 65 yr,2023-24,2023-24,2024,20,32,Entire Network,>= 65 yr,Overall,Overall,Overall,0.8,219.0
2023-24 / >= 65 yr,2023-24,2023-24,2024,21,33,Entire Network,>= 65 yr,Overall,Overall,Overall,0.9,220.0
2023-24 / >= 65 yr,2023-24,2023-24,2024,22,34,Entire Network,>= 65 yr,Overall,Overall,Overall,0.9,221.0
2023-24 / >= 65 yr,2023-24,2023-24,2024,23,35,Entire Network,>= 65 yr,Overall,Overall,Overall,0.5,221.0
2023-24 / >= 65 yr,2023-24,2023-24,2024,24,36,Entire Network,>= 65 yr,Overall,Overall,Overall,0.5,222.0
2023-24 / >= 65 yr,2023-24,2023-24,2024,25,37,Entire Network,>= 65 yr,Overall,Overall,Overall,0.8,223.0
2023-24 / >= 65 yr,2023-24,2023-24,2024,26,38,Entire Network,>= 65 yr,Overall,Overall,Overall,0.4,223.0
2023-24 / >= 65 yr,2023-24,2023-24,2024,27,39,Entire Network,>= 65 yr,Overall,Overall,Overall,0.5,224.0
2023-24 / >= 65 yr,2023-24,2023-24,2024,28,40,Entire Network,>= 65 yr,Overall,Overall,Overall,0.6,224.0
2023-24 / >= 65 yr,2023-24,2023-24,2024,29,41,Entire Network,>= 65 yr,Overall,Overall,Overall,0.4,225.0
2023-24 / >= 65 yr,2023-24,2023-24,2024,30,42,Entire Network,>= 65 yr,Overall,Overall,Overall,0.2,225.0
2023-24 / >= 65 yr,2023-24,2023-24,2024,31,43,Entire Network,>= 65 yr,Overall,Overall,Overall,0.2,225.0
2023-24 / >= 65 yr,2023-24,2023-24,2024,32,44,Entire Network,>= 65 yr,Overall,Overall,Overall,0.4,225.0
2023-24 / >= 65 yr,2023-24,2023-24,2024,33,45,Entire Network,>= 65 yr,Overall,Overall,Overall,0.3,226.0
2023-24 / >= 65 yr,2023-24,2023-24,2024,34,46,Entire Network,>= 65 yr,Overall,Overall,Overall,0.2,226.0
2023-24 / >= 65 yr,2023-24,2023-24,2024,35,47,Entire Network,>= 65 yr,Overall,Overall,Overall,0.3,226.0
2023-24 / >= 65 yr,2023-24,2023-24,2024,36,48,Entire Network,>= 65 yr,Overall,Overall,Overall,0.3,227.0
2023-24 / >= 65 yr,2023-24,2023-24,2024,37,49,Entire Network,>= 65 yr,Overall,Overall,Overall,0.3,227.0
2023-24 / >= 65 yr,2023-24,2023-24,2024,38,50,Entire Network,>= 65 yr,Overall,Overall,Overall,0.4,227.0
2023-24 / >= 65 yr,2023-24,2023-24,2024,39,51,Entire Network,>= 65 yr,Overall,Overall,Overall,0.4,228.0
2024-25 / Overall,2024-25,2024-25,2024,40,0,Entire Network,Overall,Overall,Overall,Overall,0.1,0.0
2024-25 / Overall,2024-25,2024-25,2024,41,1,Entire Network,Overall,Overall,Overall,Overall,0.1,0.0
2024-25 / Overall,2024-25,2024-25,2024,42,2,Entire Network,Overall,Overall,Overall,Overall,0.2,0.0
2024-25 / Overall,2024-25,2024-25,2024,43,3,Entire Network,Overall,Overall,Overall,Overall,0.2,1.0
2024-25 / Overall,2024-25,2024-25,2024,44,4,Entire Network,Overall,Overall,Overall,Overall,0.2,1.0
2024-25 / Overall,2024-25,2024-25,2024,45,5,Entire Network,Overall,Overall,Overall,Overall,0.3,1.0
2024-25 / Overall,2024-25,2024-25,2024,46,6,Entire Network,Overall,Overall,Overall,Overall,0.4,2.0
2024-25 / Overall,2024-25,2024-25,2024,47,7,Entire Network,Overall,Overall,Overall,Overall,0.5,2.0
2024-25 / Overall,2024-25,2024-25,2024,48,8,Entire Network,Overall,Overall,Overall,Overall,0.6,3.0
2024-25 / Overall,2024-25,2024-25,2024,49,9,Entire Network,Overall,Overall,Overall,Overall,1.2,4.0
2024-25 / Overall,2024-25,2024-25,2024,50,10,Entire Network,Overall,Overall,Overall,Overall,2.1,6.0
2024-25 / Overall,2024-25,2024-25,2024,51,11,Entire Network,Overall,Overall,Overall,Overall,3.8,10.0
2024-25 / Overall,2024-25,2024-25,2024,52,12,Entire Network,Overall,Overall,Overall,Overall,7.7,17.0
2024-25 / Overall,2024-25,2024-25,2025,1,13,Entire Network,Overall,Overall,Overall,Overall,10.1,27.0
2024-25 / Overall,2024-25,2024-25,2025,2,14,Entire Network,Overall,Overall,Overall,Overall,8.4,36.0
2024-25 / Overall,2024-25,2024-25,2025,3,15,Entire Network,Overall,Overall,Overall,Overall,9.2,45.0
2024-25 / Overall,2024-25,2024-25,2025,4,16,Entire Network,Overall,Overall,Overall,Overall,10.9,56.0
2024-25 / Overall,2024-25,2024-25,2025,5,17,Entire Network,Overall,Overall,Overall,Overall,13.4,69.0
2024-25 / Overall,2024-25,2024-25,2025,6,18,Entire Network,Overall,Overall,Overall,Overall,13.5,83.0
2024-25 / Overall,2024-25,2024-25,2025,7,19,Entire Network,Overall,Overall,Overall,Overall,10.6,93.0
2024-25 / Overall,2024-25,2024-25,2025,8,20,Entire Network,Overall,Overall,Overall,Overall,8.4,102.0
2024-25 / Overall,2024-25,2024-25,2025,9,21,Entire Network,Overall,Overall,Overall,Overall,6.7,109.0
2024-25 / Overall,2024-25,2024-25,2025,10,22,Entire Network,Overall,Overall,Overall,Overall,4.8,113.0
2024-25 / Overall,2024-25,2024-25,2025,11,23,Entire Network,Overall,Overall,Overall,Overall,3.8,117.0
2024-25 / Overall,2024-25,2024-25,2025,12,24,Entire Network,Overall,Overall,Overall,Overall,2.6,120.0
2024-25 / Overall,2024-25,2024-25,2025,13,25,Entire Network,Overall,Overall,Overall,Overall,2.0,122.0
2024-25 / Overall,2024-25,2024-25,2025,14,26,Entire Network,Overall,Overall,Overall,Overall,1.6,123.0
2024-25 / Overall,2024-25,2024-25,2025,15,27,Entire Network,Overall,Overall,Overall,Overall,1.1,124.0
2024-25 / Overall,2024-25,2024-25,2025,16,28,Entire Network,Overall,Overall,Overall,Overall,0.8,125.0
2024-25 / Overall,2024-25,2024-25,2025,17,29,Entire Network,Overall,Overall,Overall,Overall,0.7,126.0
2024-25 / Overall,2024-25,2024-25,2025,18,30,Entire Network,Overall,Overall,Overall,Overall,0.3,126.0
2024-25 / 0-4 yr,2024-25,2024-25,2024,40,0,Entire Network,0-4 yr,Overall,Overall,Overall,0.0,0.0
2024-25 / 0-4 yr,2024-25,2024-25,2024,41,1,Entire Network,0-4 yr,Overall,Overall,Overall,0.1,0.0
2024-25 / 0-4 yr,2024-25,2024-25,2024,42,2,Entire Network,0-4 yr,Overall,Overall,Overall,0.1,0.0
2024-25 / 0-4 yr,2024-25,2024-25,2024,43,3,Entire Network,0-4 yr,Overall,Overall,Overall,0.1,0.0
2024-25 / 0-4 yr,2024-25,2024-25,2024,44,4,Entire Network,0-4 yr,Overall,Overall,Overall,0.2,1.0
2024-25 / 0-4 yr,2024-25,2024-25,2024,45,5,Entire Network,0-4 yr,Overall,Overall,Overall,0.4,1.0
2024-25 / 0-4 yr,2024-25,2024-25,2024,46,6,Entire Network,0-4 yr,Overall,Overall,Overall,0.4,1.0
2024-25 / 0-4 yr,2024-25,2024-25,2024,47,7,Entire Network,0-4 yr,Overall,Overall,Overall,0.5,2.0
2024-25 / 0-4 yr,2024-25,2024-25,2024,48,8,Entire Network,0-4 yr,Overall,Overall,Overall,0.7,3.0
2024-25 / 0-4 yr,2024-25,2024-25,2024,49,9,Entire Network,0-4 yr,Overall,Overall,Overall,0.8,3.0
2024-25 / 0-4 yr,2024-25,2024-25,2024,50,10,Entire Network,0-4 yr,Overall,Overall,Overall,1.6,5.0
2024-25 / 0-4 yr,2024-25,2024-25,2024,51,11,Entire Network,0-4 yr,Overall,Overall,Overall,3.4,8.0
2024-25 / 0-4 yr,2024-25,2024-25,2024,52,12,Entire Network,0-4 yr,Overall,Overall,Overall,7.4,16.0
2024-25 / 0-4 yr,2024-25,2024-25,2025,1,13,Entire Network,0-4 yr,Overall,Overall,Overall,7.8,24.0
2024-25 / 0-4 yr,2024-25,2024-25,2025,2,14,Entire Network,0-4 yr,Overall,Overall,Overall,7.1,31.0
2024-25 / 0-4 yr,2024-25,2024-25,2025,3,15,Entire Network,0-4 yr,Overall,Overall,Overall,8.9,40.0
2024-25 / 0-4 yr,2024-25,2024-25,2025,4,16,Entire Network,0-4 yr,Overall,Overall,Overall,9.0,49.0
2024-25 / 0-4 yr,2024-25,2024-25,2025,5,17,Entire Network,0-4 yr,Overall,Overall,Overall,9.3,58.0
2024-25 / 0-4 yr,2024-25,2024-25,2025,6,18,Entire Network,0-4 yr,Overall,Overall,Overall,10.3,68.0
2024-25 / 0-4 yr,2024-25,2024-25,2025,7,19,Entire Network,0-4 yr,Overall,Overall,Overall,9.9,78.0
2024-25 / 0-4 yr,2024-25,2024-25,2025,8,20,Entire Network,0-4 yr,Overall,Overall,Overall,6.2,84.0
2024-25 / 0-4 yr,2024-25,2024-25,2025,9,21,Entire Network,0-4 yr,Overall,Overall,Overall,5.1,89.0
2024-25 / 0-4 yr,2024-25,2024-25,2025,10,22,Entire Network,0-4 yr,Overall,Overall,Overall,3.1,92.0
2024-25 / 0-4 yr,2024-25,2024-25,2025,11,23,Entire Network,0-4 yr,Overall,Overall,Overall,3.1,96.0
2024-25 / 0-4 yr,2024-25,2024-25,2025,12,24,Entire Network,0-4 yr,Overall,Overall,Overall,2.5,98.0
2024-25 / 0-4 yr,2024-25,2024-25,2025,13,25,Entire Network,0-4 yr,Overall,Overall,Overall,1.6,100.0
2024-25 / 0-4 yr,2024-25,2024-25,2025,14,26,Entire Network,0-4 yr,Overall,Overall,Overall,1.6,101.0
2024-25 / 0-4 yr,2024-25,2024-25,2025,15,27,Entire Network,0-4 yr,Overall,Overall,Overall,1.6,103.0
2024-25 / 0-4 yr,2024-25,2024-25,2025,16,28,Entire Network,0-4 yr,Overall,Overall,Overall,0.4,103.0
2024-25 / 0-4 yr,2024-25,2024-25,2025,17,29,Entire Network,0-4 yr,Overall,Overall,Overall,0.5,104.0
2024-25 / 0-4 yr,2024-25,2024-25,2025,18,30,Entire Network,0-4 yr,Overall,Overall,Overall,0.2,104.0
2024-25 / >= 65 yr,2024-25,2024-25,2024,40,0,Entire Network,>= 65 yr,Overall,Overall,Overall,0.3,0.0
2024-25 / >= 65 yr,2024-25,2024-25,2024,41,1,Entire Network,>= 65 yr,Overall,Overall,Overall,0.4,1.0
2024-25 / >= 65 yr,2024-25,2024-25,2024,42,2,Entire Network,>= 65 yr,Overall,Overall,Overall,0.6,1.0
2024-25 / >= 65 yr,2024-25,2024-25,2024,43,3,Entire Network,>= 65 yr,Overall,Overall,Overall,0.7,2.0
2024-25 / >= 65 yr,2024-25,2024-25,2024,44,4,Entire Network,>= 65 yr,Overall,Overall,Overall,0.6,3.0
2024-25 / >= 65 yr,2024-25,2024-25,2024,45,5,Entire Network,>= 65 yr,Overall,Overall,Overall,0.8,3.0
2024-25 / >= 65 yr,2024-25,2024-25,2024,46,6,Entire Network,>= 65 yr,Overall,Overall,Overall,1.1,4.0
2024-25 / >= 65 yr,2024-25,2024-25,2024,47,7,Entire Network,>= 65 yr,Overall,Overall,Overall,1.5,6.0
2024-25 / >= 65 yr,2024-25,2024-25,2024,48,8,Entire Network,>= 65 yr,Overall,Overall,Overall,1.7,8.0
2024-25 / >= 65 yr,2024-25,2024-25,2024,49,9,Entire Network,>= 65 yr,Overall,Overall,Overall,3.6,11.0
2024-25 / >= 65 yr,2024-25,2024-25,2024,50,10,Entire Network,>= 65 yr,Overall,Overall,Overall,5.7,17.0
2024-25 / >= 65 yr,2024-25,2024-25,2024,51,11,Entire Network,>= 65 yr,Overall,Overall,Overall,10.4,27.0
2024-25 / >= 65 yr,2024-25,2024-25,2024,52,12,Entire Network,>= 65 yr,Overall,Overall,Overall,22.9,50.0
2024-25 / >= 65 yr,2024-25,2024-25,2025,1,13,Entire Network,>= 65 yr,Overall,Overall,Overall,31.5,82.0
2024-25 / >= 65 yr,2024-25,2024-25,2025,2,14,Entire Network,>= 65 yr,Overall,Overall,Overall,25.8,108.0
2024-25 / >= 65 yr,2024-25,2024-25,2025,3,15,Entire Network,>= 65 yr,Overall,Overall,Overall,27.0,135.0
2024-25 / >= 65 yr,2024-25,2024-25,2025,4,16,Entire Network,>= 65 yr,Overall,Overall,Overall,32.7,167.0
2024-25 / >= 65 yr,2024-25,2024-25,2025,5,17,Entire Network,>= 65 yr,Overall,Overall,Overall,43.9,211.0
2024-25 / >= 65 yr,2024-25,2024-25,2025,6,18,Entire Network,>= 65 yr,Overall,Overall,Overall,42.6,254.0
2024-25 / >= 65 yr,2024-25,2024-25,2025,7,19,Entire Network,>= 65 yr,Overall,Overall,Overall,34.2,288.0
2024-25 / >= 65 yr,2024-25,2024-25,2025,8,20,Entire Network,>= 65 yr,Overall,Overall,Overall,27.8,316.0
2024-25 / >= 65 yr,2024-25,2024-25,2025,9,21,Entire Network,>= 65 yr,Overall,Overall,Overall,21.7,337.0
2024-25 / >= 65 yr,2024-25,2024-25,2025,10,22,Entire Network,>= 65 yr,Overall,Overall,Overall,15.7,353.0
2024-25 / >= 65 yr,2024-25,2024-25,2025,11,23,Entire Network,>= 65 yr,Overall,Overall,Overall,12.4,366.0
2024-25 / >= 65 yr,2024-25,2024-25,2025,12,24,Entire Network,>= 65 yr,Overall,Overall,Overall,8.8,374.0
2024-25 / >= 65 yr,2024-25,2024-25,2025,13,25,Entire Network,>= 65 yr,Overall,Overall,Overall,6.4,381.0
2024-25 / >= 65 yr,2024-25,2024-25,2025,14,26,Entire Network,>= 65 yr,Overall,Overall,Overall,4.4,385.0
2024-25 / >= 65 yr,2024-25,2024-25,2025,15,27,Entire Network,>= 65 yr,Overall,Overall,Overall,3.1,388.0
2024-25 / >= 65 yr,2024-25,2024-25,2025,16,28,Entire Network,>= 65 yr,Overall,Overall,Overall,2.6,391.0
2024-25 / >= 65 yr,2024-25,2024-25,2025,17,29,Entire Network,>= 65 yr,Overall,Overall,Overall,2.0,393.0
2024-25 / >= 65 yr,2024-25,2024-25,2025,18,30,Entire Network,>= 65 yr,Overall,Overall,Overall,0.8,394.0
